pred,id,rms,file_path
2.4728205,PZ14Bound_AdamiakPostExp_1.pdb,0,/data/output/PZ14Bound_AdamiakPostExp_1.pdb
4.2244248,PZ14Bound_AdamiakPostExp_2.pdb,0,/data/output/PZ14Bound_AdamiakPostExp_2.pdb
2.4966087,PZ14Bound_AdamiakPreExp_1.pdb,0,/data/output/PZ14Bound_AdamiakPreExp_1.pdb
2.3821971,PZ14Bound_AdamiakPreExp_2.pdb,0,/data/output/PZ14Bound_AdamiakPreExp_2.pdb
5.5326967,PZ14Bound_BujnickiPostExp_1.pdb,0,/data/output/PZ14Bound_BujnickiPostExp_1.pdb
8.4764843,PZ14Bound_BujnickiPostExp_2.pdb,0,/data/output/PZ14Bound_BujnickiPostExp_2.pdb
3.8467774,PZ14Bound_BujnickiPostExp_3.pdb,0,/data/output/PZ14Bound_BujnickiPostExp_3.pdb
4.6432695,PZ14Bound_BujnickiPostExp_4.pdb,0,/data/output/PZ14Bound_BujnickiPostExp_4.pdb
5.3543859,PZ14Bound_BujnickiPostExp_5.pdb,0,/data/output/PZ14Bound_BujnickiPostExp_5.pdb
3.3899269,PZ14Bound_BujnickiPreExp_1.pdb,0,/data/output/PZ14Bound_BujnickiPreExp_1.pdb
3.7054763,PZ14Bound_BujnickiPreExp_2.pdb,0,/data/output/PZ14Bound_BujnickiPreExp_2.pdb
2.9893734,PZ14Bound_BujnickiPreExp_3.pdb,0,/data/output/PZ14Bound_BujnickiPreExp_3.pdb
4.9147139,PZ14Bound_BujnickiPreExp_4.pdb,0,/data/output/PZ14Bound_BujnickiPreExp_4.pdb
5.1116323,PZ14Bound_BujnickiPreExp_5.pdb,0,/data/output/PZ14Bound_BujnickiPreExp_5.pdb
2.5605950,PZ14Bound_BujnickiPreExp_6.pdb,0,/data/output/PZ14Bound_BujnickiPreExp_6.pdb
6.7598991,PZ14Bound_BujnickiPreExp_7.pdb,0,/data/output/PZ14Bound_BujnickiPreExp_7.pdb
2.3857419,PZ14Bound_ChenPostExp_1.pdb,0,/data/output/PZ14Bound_ChenPostExp_1.pdb
2.8570325,PZ14Bound_ChenPostExp_10.pdb,0,/data/output/PZ14Bound_ChenPostExp_10.pdb
3.4941087,PZ14Bound_ChenPostExp_2.pdb,0,/data/output/PZ14Bound_ChenPostExp_2.pdb
2.5414932,PZ14Bound_ChenPostExp_3.pdb,0,/data/output/PZ14Bound_ChenPostExp_3.pdb
2.7834411,PZ14Bound_ChenPostExp_4.pdb,0,/data/output/PZ14Bound_ChenPostExp_4.pdb
2.5777228,PZ14Bound_ChenPostExp_5.pdb,0,/data/output/PZ14Bound_ChenPostExp_5.pdb
3.7379045,PZ14Bound_ChenPostExp_6.pdb,0,/data/output/PZ14Bound_ChenPostExp_6.pdb
2.9988911,PZ14Bound_ChenPostExp_7.pdb,0,/data/output/PZ14Bound_ChenPostExp_7.pdb
3.0234246,PZ14Bound_ChenPostExp_8.pdb,0,/data/output/PZ14Bound_ChenPostExp_8.pdb
3.3693538,PZ14Bound_ChenPostExp_9.pdb,0,/data/output/PZ14Bound_ChenPostExp_9.pdb
2.5994589,PZ14Bound_DasPostExp_1.pdb,0,/data/output/PZ14Bound_DasPostExp_1.pdb
2.4666727,PZ14Bound_DasPostExp_10.pdb,0,/data/output/PZ14Bound_DasPostExp_10.pdb
1.9844427,PZ14Bound_DasPostExp_2.pdb,0,/data/output/PZ14Bound_DasPostExp_2.pdb
2.3752470,PZ14Bound_DasPostExp_3.pdb,0,/data/output/PZ14Bound_DasPostExp_3.pdb
2.0577919,PZ14Bound_DasPostExp_4.pdb,0,/data/output/PZ14Bound_DasPostExp_4.pdb
3.7320538,PZ14Bound_DasPostExp_5.pdb,0,/data/output/PZ14Bound_DasPostExp_5.pdb
1.8214309,PZ14Bound_DasPostExp_6.pdb,0,/data/output/PZ14Bound_DasPostExp_6.pdb
2.6976051,PZ14Bound_DasPostExp_7.pdb,0,/data/output/PZ14Bound_DasPostExp_7.pdb
3.3819070,PZ14Bound_DasPostExp_8.pdb,0,/data/output/PZ14Bound_DasPostExp_8.pdb
2.9805255,PZ14Bound_DasPostExp_9.pdb,0,/data/output/PZ14Bound_DasPostExp_9.pdb
1.8214240,PZ14Bound_DasPreExp_1.pdb,0,/data/output/PZ14Bound_DasPreExp_1.pdb
2.9805303,PZ14Bound_DasPreExp_10.pdb,0,/data/output/PZ14Bound_DasPreExp_10.pdb
2.6976080,PZ14Bound_DasPreExp_2.pdb,0,/data/output/PZ14Bound_DasPreExp_2.pdb
3.3819015,PZ14Bound_DasPreExp_3.pdb,0,/data/output/PZ14Bound_DasPreExp_3.pdb
3.3458021,PZ14Bound_DasPreExp_4.pdb,0,/data/output/PZ14Bound_DasPreExp_4.pdb
2.4666708,PZ14Bound_DasPreExp_5.pdb,0,/data/output/PZ14Bound_DasPreExp_5.pdb
1.9990106,PZ14Bound_DasPreExp_6.pdb,0,/data/output/PZ14Bound_DasPreExp_6.pdb
3.4339404,PZ14Bound_DasPreExp_7.pdb,0,/data/output/PZ14Bound_DasPreExp_7.pdb
2.9085228,PZ14Bound_DasPreExp_8.pdb,0,/data/output/PZ14Bound_DasPreExp_8.pdb
3.1628881,PZ14Bound_DasPreExp_9.pdb,0,/data/output/PZ14Bound_DasPreExp_9.pdb
4.2365232,PZ14Bound_DingPostExp_1.pdb,0,/data/output/PZ14Bound_DingPostExp_1.pdb
6.7525239,PZ14Bound_DingPostExp_10.pdb,0,/data/output/PZ14Bound_DingPostExp_10.pdb
12.0698280,PZ14Bound_DingPostExp_2.pdb,0,/data/output/PZ14Bound_DingPostExp_2.pdb
5.8875222,PZ14Bound_DingPostExp_3.pdb,0,/data/output/PZ14Bound_DingPostExp_3.pdb
6.3251352,PZ14Bound_DingPostExp_4.pdb,0,/data/output/PZ14Bound_DingPostExp_4.pdb
6.6992989,PZ14Bound_DingPostExp_5.pdb,0,/data/output/PZ14Bound_DingPostExp_5.pdb
8.3216972,PZ14Bound_DingPostExp_6.pdb,0,/data/output/PZ14Bound_DingPostExp_6.pdb
3.8113124,PZ14Bound_DingPostExp_7.pdb,0,/data/output/PZ14Bound_DingPostExp_7.pdb
8.7227888,PZ14Bound_DingPostExp_8.pdb,0,/data/output/PZ14Bound_DingPostExp_8.pdb
7.6359887,PZ14Bound_DingPostExp_9.pdb,0,/data/output/PZ14Bound_DingPostExp_9.pdb
10.6904268,PZ14Bound_DingPreExp_1.pdb,0,/data/output/PZ14Bound_DingPreExp_1.pdb
8.4037409,PZ14Bound_DingPreExp_2.pdb,0,/data/output/PZ14Bound_DingPreExp_2.pdb
7.4984837,PZ14Bound_DingPreExp_3.pdb,0,/data/output/PZ14Bound_DingPreExp_3.pdb
7.9486494,PZ14Bound_DingPreExp_4.pdb,0,/data/output/PZ14Bound_DingPreExp_4.pdb
12.4142084,PZ14Bound_DingPreExp_5.pdb,0,/data/output/PZ14Bound_DingPreExp_5.pdb
5.6432576,PZ14Bound_DingPreExp_6.pdb,0,/data/output/PZ14Bound_DingPreExp_6.pdb
6.6857181,PZ14Bound_DingPreExp_7.pdb,0,/data/output/PZ14Bound_DingPreExp_7.pdb
9.8199434,PZ14Bound_DingPreExp_8.pdb,0,/data/output/PZ14Bound_DingPreExp_8.pdb
6.8161259,PZ15_3dRNAAS2_1.pdb,0,/data/output/PZ15_3dRNAAS2_1.pdb
7.0409346,PZ15_3dRNAAS2_10.pdb,0,/data/output/PZ15_3dRNAAS2_10.pdb
6.4164624,PZ15_3dRNAAS2_2.pdb,0,/data/output/PZ15_3dRNAAS2_2.pdb
6.7218595,PZ15_3dRNAAS2_3.pdb,0,/data/output/PZ15_3dRNAAS2_3.pdb
6.9535880,PZ15_3dRNAAS2_4.pdb,0,/data/output/PZ15_3dRNAAS2_4.pdb
6.6108699,PZ15_3dRNAAS2_5.pdb,0,/data/output/PZ15_3dRNAAS2_5.pdb
6.7220497,PZ15_3dRNAAS2_6.pdb,0,/data/output/PZ15_3dRNAAS2_6.pdb
6.8862548,PZ15_3dRNAAS2_7.pdb,0,/data/output/PZ15_3dRNAAS2_7.pdb
6.4876819,PZ15_3dRNAAS2_8.pdb,0,/data/output/PZ15_3dRNAAS2_8.pdb
6.4360271,PZ15_3dRNAAS2_9.pdb,0,/data/output/PZ15_3dRNAAS2_9.pdb
7.5942817,PZ15_Adamiak_1.pdb,0,/data/output/PZ15_Adamiak_1.pdb
5.2996564,PZ15_Adamiak_10.pdb,0,/data/output/PZ15_Adamiak_10.pdb
4.8319564,PZ15_Adamiak_2.pdb,0,/data/output/PZ15_Adamiak_2.pdb
4.6629491,PZ15_Adamiak_3.pdb,0,/data/output/PZ15_Adamiak_3.pdb
6.1640463,PZ15_Adamiak_4.pdb,0,/data/output/PZ15_Adamiak_4.pdb
5.7938490,PZ15_Adamiak_5.pdb,0,/data/output/PZ15_Adamiak_5.pdb
6.8947992,PZ15_Adamiak_6.pdb,0,/data/output/PZ15_Adamiak_6.pdb
6.3936939,PZ15_Adamiak_7.pdb,0,/data/output/PZ15_Adamiak_7.pdb
5.8176246,PZ15_Adamiak_8.pdb,0,/data/output/PZ15_Adamiak_8.pdb
7.0213337,PZ15_Adamiak_9.pdb,0,/data/output/PZ15_Adamiak_9.pdb
3.1142745,PZ15_Chen_1.pdb,0,/data/output/PZ15_Chen_1.pdb
3.8147349,PZ15_Chen_10.pdb,0,/data/output/PZ15_Chen_10.pdb
4.8981252,PZ15_Chen_2.pdb,0,/data/output/PZ15_Chen_2.pdb
4.2325077,PZ15_Chen_3.pdb,0,/data/output/PZ15_Chen_3.pdb
3.8705120,PZ15_Chen_4.pdb,0,/data/output/PZ15_Chen_4.pdb
3.8607430,PZ15_Chen_5.pdb,0,/data/output/PZ15_Chen_5.pdb
2.8058677,PZ15_Chen_6.pdb,0,/data/output/PZ15_Chen_6.pdb
3.2552013,PZ15_Chen_7.pdb,0,/data/output/PZ15_Chen_7.pdb
5.6889567,PZ15_Chen_8.pdb,0,/data/output/PZ15_Chen_8.pdb
6.6416426,PZ15_Chen_9.pdb,0,/data/output/PZ15_Chen_9.pdb
4.8319483,PZ15_RNAComposerAS1_1.pdb,0,/data/output/PZ15_RNAComposerAS1_1.pdb
4.6629505,PZ15_RNAComposerAS1_2.pdb,0,/data/output/PZ15_RNAComposerAS1_2.pdb
6.1640477,PZ15_RNAComposerAS2_1.pdb,0,/data/output/PZ15_RNAComposerAS2_1.pdb
5.7938452,PZ15_RNAComposerAS2_2.pdb,0,/data/output/PZ15_RNAComposerAS2_2.pdb
3.7991278,PZ15_SimRNAAS1_1.pdb,0,/data/output/PZ15_SimRNAAS1_1.pdb
5.0462656,PZ15_SimRNAAS1_10.pdb,0,/data/output/PZ15_SimRNAAS1_10.pdb
5.1666875,PZ15_SimRNAAS1_2.pdb,0,/data/output/PZ15_SimRNAAS1_2.pdb
5.0218067,PZ15_SimRNAAS1_3.pdb,0,/data/output/PZ15_SimRNAAS1_3.pdb
4.8280334,PZ15_SimRNAAS1_4.pdb,0,/data/output/PZ15_SimRNAAS1_4.pdb
4.6749401,PZ15_SimRNAAS1_5.pdb,0,/data/output/PZ15_SimRNAAS1_5.pdb
7.8060651,PZ15_SimRNAAS1_6.pdb,0,/data/output/PZ15_SimRNAAS1_6.pdb
6.3149457,PZ15_SimRNAAS1_7.pdb,0,/data/output/PZ15_SimRNAAS1_7.pdb
5.9746900,PZ15_SimRNAAS1_8.pdb,0,/data/output/PZ15_SimRNAAS1_8.pdb
5.9466438,PZ15_SimRNAAS1_9.pdb,0,/data/output/PZ15_SimRNAAS1_9.pdb
4.8093686,PZ15_SimRNAAS2_1.pdb,0,/data/output/PZ15_SimRNAAS2_1.pdb
4.2532687,PZ15_SimRNAAS2_10.pdb,0,/data/output/PZ15_SimRNAAS2_10.pdb
7.8347917,PZ15_SimRNAAS2_2.pdb,0,/data/output/PZ15_SimRNAAS2_2.pdb
6.5575514,PZ15_SimRNAAS2_3.pdb,0,/data/output/PZ15_SimRNAAS2_3.pdb
5.5888596,PZ15_SimRNAAS2_4.pdb,0,/data/output/PZ15_SimRNAAS2_4.pdb
7.6380420,PZ15_SimRNAAS2_5.pdb,0,/data/output/PZ15_SimRNAAS2_5.pdb
5.1179018,PZ15_SimRNAAS2_6.pdb,0,/data/output/PZ15_SimRNAAS2_6.pdb
4.5135865,PZ15_SimRNAAS2_7.pdb,0,/data/output/PZ15_SimRNAAS2_7.pdb
9.4421215,PZ15_SimRNAAS2_8.pdb,0,/data/output/PZ15_SimRNAAS2_8.pdb
4.4147329,PZ15_SimRNAAS2_9.pdb,0,/data/output/PZ15_SimRNAAS2_9.pdb
2.2079813,PZ18_3dRNA_1.pdb,0,/data/output/PZ18_3dRNA_1.pdb
1.6232467,PZ18_3dRNA_2.pdb,0,/data/output/PZ18_3dRNA_2.pdb
2.8177202,PZ18_3dRNA_3.pdb,0,/data/output/PZ18_3dRNA_3.pdb
3.4419999,PZ18_3dRNA_4.pdb,0,/data/output/PZ18_3dRNA_4.pdb
2.9858904,PZ18_3dRNA_5.pdb,0,/data/output/PZ18_3dRNA_5.pdb
2.4302256,PZ18_Chen_1.pdb,0,/data/output/PZ18_Chen_1.pdb
2.8866334,PZ18_Chen_2.pdb,0,/data/output/PZ18_Chen_2.pdb
1.9529748,PZ18_Chen_3.pdb,0,/data/output/PZ18_Chen_3.pdb
2.2016242,PZ18_Chen_4.pdb,0,/data/output/PZ18_Chen_4.pdb
4.8139815,PZ18_Chen_5.pdb,0,/data/output/PZ18_Chen_5.pdb
3.0676050,PZ18_DasORIGINAL_1.pdb,0,/data/output/PZ18_DasORIGINAL_1.pdb
2.9479597,PZ18_DasORIGINAL_2.pdb,0,/data/output/PZ18_DasORIGINAL_2.pdb
3.7893300,PZ18_DasORIGINAL_3.pdb,0,/data/output/PZ18_DasORIGINAL_3.pdb
4.9453511,PZ18_DasORIGINAL_4.pdb,0,/data/output/PZ18_DasORIGINAL_4.pdb
3.5217142,PZ18_DasORIGINAL_5.pdb,0,/data/output/PZ18_DasORIGINAL_5.pdb
3.0274966,PZ18_Das_1.pdb,0,/data/output/PZ18_Das_1.pdb
3.5437527,PZ18_Das_2.pdb,0,/data/output/PZ18_Das_2.pdb
3.0676126,PZ18_Das_3.pdb,0,/data/output/PZ18_Das_3.pdb
4.9453597,PZ18_Das_4.pdb,0,/data/output/PZ18_Das_4.pdb
3.5217102,PZ18_Das_5.pdb,0,/data/output/PZ18_Das_5.pdb
10.9278650,PZ18_Ding_1.pdb,0,/data/output/PZ18_Ding_1.pdb
15.0790148,PZ18_Ding_2.pdb,0,/data/output/PZ18_Ding_2.pdb
7.9754386,PZ18_Ding_3.pdb,0,/data/output/PZ18_Ding_3.pdb
15.7500410,PZ18_Ding_4.pdb,0,/data/output/PZ18_Ding_4.pdb
8.1479740,PZ18_Ding_5.pdb,0,/data/output/PZ18_Ding_5.pdb
9.6531649,PZ18_Dokholyan_1.pdb,0,/data/output/PZ18_Dokholyan_1.pdb
5.7472482,PZ18_Dokholyan_2.pdb,0,/data/output/PZ18_Dokholyan_2.pdb
9.4687805,PZ18_Dokholyan_3.pdb,0,/data/output/PZ18_Dokholyan_3.pdb
5.1801958,PZ18_LeeAS_1.pdb,0,/data/output/PZ18_LeeAS_1.pdb
8.2558689,PZ18_LeeAS_2.pdb,0,/data/output/PZ18_LeeAS_2.pdb
13.6539164,PZ18_LeeAS_3.pdb,0,/data/output/PZ18_LeeAS_3.pdb
7.9975972,PZ18_LeeAS_4.pdb,0,/data/output/PZ18_LeeAS_4.pdb
9.5980120,PZ18_LeeAS_5.pdb,0,/data/output/PZ18_LeeAS_5.pdb
5.0670819,PZ18_Lee_1.pdb,0,/data/output/PZ18_Lee_1.pdb
8.0428705,PZ18_Lee_2.pdb,0,/data/output/PZ18_Lee_2.pdb
16.6789761,PZ18_Lee_3.pdb,0,/data/output/PZ18_Lee_3.pdb
9.2342215,PZ18_Lee_4.pdb,0,/data/output/PZ18_Lee_4.pdb
10.4675913,PZ18_Lee_5.pdb,0,/data/output/PZ18_Lee_5.pdb
3.1253581,PZ18_RNAComposer_1.pdb,0,/data/output/PZ18_RNAComposer_1.pdb
3.8184507,PZ18_RNAComposer_2.pdb,0,/data/output/PZ18_RNAComposer_2.pdb
3.4715781,PZ18_RNAComposer_3.pdb,0,/data/output/PZ18_RNAComposer_3.pdb
4.1228104,PZ18_RNAComposer_4.pdb,0,/data/output/PZ18_RNAComposer_4.pdb
2.7290244,PZ18_RNAComposer_5.pdb,0,/data/output/PZ18_RNAComposer_5.pdb
4.7615957,PZ18_RW3D_1.pdb,0,/data/output/PZ18_RW3D_1.pdb
3.2495747,PZ18_RW3D_10.pdb,0,/data/output/PZ18_RW3D_10.pdb
4.4964571,PZ18_RW3D_2.pdb,0,/data/output/PZ18_RW3D_2.pdb
4.1726804,PZ18_RW3D_3.pdb,0,/data/output/PZ18_RW3D_3.pdb
3.0774007,PZ18_RW3D_4.pdb,0,/data/output/PZ18_RW3D_4.pdb
3.8700533,PZ18_RW3D_5.pdb,0,/data/output/PZ18_RW3D_5.pdb
3.0967252,PZ18_RW3D_6.pdb,0,/data/output/PZ18_RW3D_6.pdb
4.0902209,PZ18_RW3D_7.pdb,0,/data/output/PZ18_RW3D_7.pdb
3.2511837,PZ18_RW3D_8.pdb,0,/data/output/PZ18_RW3D_8.pdb
3.2605176,PZ18_RW3D_9.pdb,0,/data/output/PZ18_RW3D_9.pdb
6.2194815,PZ18_SimRNA_1.pdb,0,/data/output/PZ18_SimRNA_1.pdb
4.4629178,PZ18_SimRNA_2.pdb,0,/data/output/PZ18_SimRNA_2.pdb
6.2404885,PZ18_SimRNA_3.pdb,0,/data/output/PZ18_SimRNA_3.pdb
3.0221279,PZ18_Szachniuk_1.pdb,0,/data/output/PZ18_Szachniuk_1.pdb
3.5440295,PZ18_Szachniuk_2.pdb,0,/data/output/PZ18_Szachniuk_2.pdb
3.7691102,PZ18_Szachniuk_3.pdb,0,/data/output/PZ18_Szachniuk_3.pdb
6.5280824,PZ18_Szachniuk_4.pdb,0,/data/output/PZ18_Szachniuk_4.pdb
3.6130736,PZ18_Szachniuk_5.pdb,0,/data/output/PZ18_Szachniuk_5.pdb
4.6762500,PZ18_YagoubAli_1.pdb,0,/data/output/PZ18_YagoubAli_1.pdb
6.4497972,PZ19_3dRNA_1.pdb,0,/data/output/PZ19_3dRNA_1.pdb
5.6019378,PZ19_3dRNA_2.pdb,0,/data/output/PZ19_3dRNA_2.pdb
5.2604551,PZ19_3dRNA_3.pdb,0,/data/output/PZ19_3dRNA_3.pdb
5.7871470,PZ19_3dRNA_4.pdb,0,/data/output/PZ19_3dRNA_4.pdb
5.0532899,PZ19_3dRNA_5.pdb,0,/data/output/PZ19_3dRNA_5.pdb
3.4196477,PZ19_Adamiak_1.pdb,0,/data/output/PZ19_Adamiak_1.pdb
4.3024549,PZ19_Adamiak_2.pdb,0,/data/output/PZ19_Adamiak_2.pdb
3.7346294,PZ19_Adamiak_3.pdb,0,/data/output/PZ19_Adamiak_3.pdb
4.0336118,PZ19_Adamiak_4.pdb,0,/data/output/PZ19_Adamiak_4.pdb
4.4926605,PZ19_Adamiak_5.pdb,0,/data/output/PZ19_Adamiak_5.pdb
4.4642792,PZ19_Bujnicki_1.pdb,0,/data/output/PZ19_Bujnicki_1.pdb
4.0474925,PZ19_Bujnicki_2.pdb,0,/data/output/PZ19_Bujnicki_2.pdb
6.4098415,PZ19_Bujnicki_3.pdb,0,/data/output/PZ19_Bujnicki_3.pdb
5.2816377,PZ19_Bujnicki_4.pdb,0,/data/output/PZ19_Bujnicki_4.pdb
5.1316457,PZ19_Bujnicki_5.pdb,0,/data/output/PZ19_Bujnicki_5.pdb
3.7609484,PZ19_Chen_1.pdb,0,/data/output/PZ19_Chen_1.pdb
3.2138047,PZ19_Chen_2.pdb,0,/data/output/PZ19_Chen_2.pdb
3.2461553,PZ19_Chen_3.pdb,0,/data/output/PZ19_Chen_3.pdb
4.3120117,PZ19_Chen_4.pdb,0,/data/output/PZ19_Chen_4.pdb
4.2938304,PZ19_Chen_5.pdb,0,/data/output/PZ19_Chen_5.pdb
4.8334928,PZ19_DasLab_1.pdb,0,/data/output/PZ19_DasLab_1.pdb
4.3231821,PZ19_DasLab_2.pdb,0,/data/output/PZ19_DasLab_2.pdb
3.9119344,PZ19_DasLab_3.pdb,0,/data/output/PZ19_DasLab_3.pdb
4.3312330,PZ19_DasLab_4.pdb,0,/data/output/PZ19_DasLab_4.pdb
4.0119810,PZ19_DasLab_5.pdb,0,/data/output/PZ19_DasLab_5.pdb
4.8334994,PZ19_Das_1.pdb,0,/data/output/PZ19_Das_1.pdb
4.3231859,PZ19_Das_2.pdb,0,/data/output/PZ19_Das_2.pdb
3.9119344,PZ19_Das_3.pdb,0,/data/output/PZ19_Das_3.pdb
4.3312325,PZ19_Das_4.pdb,0,/data/output/PZ19_Das_4.pdb
4.0119824,PZ19_Das_5.pdb,0,/data/output/PZ19_Das_5.pdb
5.7044125,PZ19_Ding_1.pdb,0,/data/output/PZ19_Ding_1.pdb
4.4589491,PZ19_Ding_2.pdb,0,/data/output/PZ19_Ding_2.pdb
4.9045458,PZ19_Ding_3.pdb,0,/data/output/PZ19_Ding_3.pdb
5.9896502,PZ19_Ding_4.pdb,0,/data/output/PZ19_Ding_4.pdb
6.2425351,PZ19_Ding_5.pdb,0,/data/output/PZ19_Ding_5.pdb
6.5480752,PZ19_Dokholyan_1.pdb,0,/data/output/PZ19_Dokholyan_1.pdb
7.5057287,PZ19_LeeServer_1.pdb,0,/data/output/PZ19_LeeServer_1.pdb
8.0469275,PZ19_LeeServer_2.pdb,0,/data/output/PZ19_LeeServer_2.pdb
7.3982043,PZ19_LeeServer_3.pdb,0,/data/output/PZ19_LeeServer_3.pdb
5.7600489,PZ19_LeeServer_4.pdb,0,/data/output/PZ19_LeeServer_4.pdb
5.4166164,PZ19_LeeServer_5.pdb,0,/data/output/PZ19_LeeServer_5.pdb
3.7840688,PZ19_RNAComposer_1.pdb,0,/data/output/PZ19_RNAComposer_1.pdb
4.1552615,PZ19_RNAComposer_2.pdb,0,/data/output/PZ19_RNAComposer_2.pdb
4.8174672,PZ19_RNAComposer_3.pdb,0,/data/output/PZ19_RNAComposer_3.pdb
4.9275622,PZ19_RNAComposer_4.pdb,0,/data/output/PZ19_RNAComposer_4.pdb
3.5369227,PZ19_RNAComposer_5.pdb,0,/data/output/PZ19_RNAComposer_5.pdb
4.1902456,PZ19_RW3D_1.pdb,0,/data/output/PZ19_RW3D_1.pdb
2.9033320,PZ19_RW3D_10.pdb,0,/data/output/PZ19_RW3D_10.pdb
4.2623467,PZ19_RW3D_2.pdb,0,/data/output/PZ19_RW3D_2.pdb
2.3287556,PZ19_RW3D_3.pdb,0,/data/output/PZ19_RW3D_3.pdb
2.9424052,PZ19_RW3D_4.pdb,0,/data/output/PZ19_RW3D_4.pdb
4.3170447,PZ19_RW3D_5.pdb,0,/data/output/PZ19_RW3D_5.pdb
3.4325092,PZ19_RW3D_6.pdb,0,/data/output/PZ19_RW3D_6.pdb
3.2030418,PZ19_RW3D_7.pdb,0,/data/output/PZ19_RW3D_7.pdb
3.4785800,PZ19_RW3D_8.pdb,0,/data/output/PZ19_RW3D_8.pdb
2.5950201,PZ19_RW3D_9.pdb,0,/data/output/PZ19_RW3D_9.pdb
4.5761070,PZ19_SimRNA_1.pdb,0,/data/output/PZ19_SimRNA_1.pdb
5.0122008,PZ19_SimRNA_2.pdb,0,/data/output/PZ19_SimRNA_2.pdb
4.8922143,PZ19_SimRNA_3.pdb,0,/data/output/PZ19_SimRNA_3.pdb
3.4802573,PZ1_Bujnicki_1.pdb,0,/data/output/PZ1_Bujnicki_1.pdb
3.3876557,PZ1_Bujnicki_2.pdb,0,/data/output/PZ1_Bujnicki_2.pdb
3.3898535,PZ1_Bujnicki_3.pdb,0,/data/output/PZ1_Bujnicki_3.pdb
4.2764630,PZ1_Bujnicki_4.pdb,0,/data/output/PZ1_Bujnicki_4.pdb
3.0881853,PZ1_Bujnicki_5.pdb,0,/data/output/PZ1_Bujnicki_5.pdb
6.6711631,PZ1_Dokholyan_1.pdb,0,/data/output/PZ1_Dokholyan_1.pdb
5.6558657,PZ20_Chen_1.pdb,0,/data/output/PZ20_Chen_1.pdb
4.7066202,PZ20_Chen_2.pdb,0,/data/output/PZ20_Chen_2.pdb
5.4380441,PZ20_Chen_3.pdb,0,/data/output/PZ20_Chen_3.pdb
5.0179472,PZ20_Chen_4.pdb,0,/data/output/PZ20_Chen_4.pdb
3.6584406,PZ20_Chen_5.pdb,0,/data/output/PZ20_Chen_5.pdb
5.5450912,PZ20_Das_1.pdb,0,/data/output/PZ20_Das_1.pdb
4.6670485,PZ20_Das_2.pdb,0,/data/output/PZ20_Das_2.pdb
5.8851333,PZ20_Das_3.pdb,0,/data/output/PZ20_Das_3.pdb
5.8549848,PZ20_Das_4.pdb,0,/data/output/PZ20_Das_4.pdb
6.4944630,PZ20_Das_5.pdb,0,/data/output/PZ20_Das_5.pdb
5.0584216,PZ20_RNAComposerHuman_1.pdb,0,/data/output/PZ20_RNAComposerHuman_1.pdb
5.3302603,PZ20_RNAComposerHuman_2.pdb,0,/data/output/PZ20_RNAComposerHuman_2.pdb
4.0204210,PZ20_RNAComposerHuman_3.pdb,0,/data/output/PZ20_RNAComposerHuman_3.pdb
3.0725298,PZ20_RNAComposerHuman_4.pdb,0,/data/output/PZ20_RNAComposerHuman_4.pdb
4.3584361,PZ20_RNAComposerHuman_5.pdb,0,/data/output/PZ20_RNAComposerHuman_5.pdb
4.4146776,PZ20_RNAComposer_1.pdb,0,/data/output/PZ20_RNAComposer_1.pdb
4.3148317,PZ20_RNAComposer_2.pdb,0,/data/output/PZ20_RNAComposer_2.pdb
5.1167636,PZ20_RNAComposer_3.pdb,0,/data/output/PZ20_RNAComposer_3.pdb
3.7548094,PZ20_RNAComposer_4.pdb,0,/data/output/PZ20_RNAComposer_4.pdb
3.4857500,PZ20_RNAComposer_5.pdb,0,/data/output/PZ20_RNAComposer_5.pdb
6.2221251,PZ20_Xiao3_1.pdb,0,/data/output/PZ20_Xiao3_1.pdb
5.4710989,PZ20_Xiao3_2.pdb,0,/data/output/PZ20_Xiao3_2.pdb
4.3798804,PZ20_Xiao3_3.pdb,0,/data/output/PZ20_Xiao3_3.pdb
5.6834574,PZ20_Xiao3_4.pdb,0,/data/output/PZ20_Xiao3_4.pdb
2.6835616,PZ20_Xiao3_5.pdb,0,/data/output/PZ20_Xiao3_5.pdb
5.1490855,PZ20_simRNA_1.pdb,0,/data/output/PZ20_simRNA_1.pdb
4.0665240,PZ20_simRNA_2.pdb,0,/data/output/PZ20_simRNA_2.pdb
34.5696030,PZ20_simRNA_3.pdb,0,/data/output/PZ20_simRNA_3.pdb
6.4980521,PZ20_simRNA_4.pdb,0,/data/output/PZ20_simRNA_4.pdb
5.1912694,PZ20_simRNA_5.pdb,0,/data/output/PZ20_simRNA_5.pdb
5.6673441,PZ21_3dRNA_1.pdb,0,/data/output/PZ21_3dRNA_1.pdb
6.9266024,PZ21_3dRNA_2.pdb,0,/data/output/PZ21_3dRNA_2.pdb
4.5364475,PZ21_3dRNA_3.pdb,0,/data/output/PZ21_3dRNA_3.pdb
3.3352427,PZ21_3dRNA_4.pdb,0,/data/output/PZ21_3dRNA_4.pdb
5.2427773,PZ21_3dRNA_5.pdb,0,/data/output/PZ21_3dRNA_5.pdb
3.3429689,PZ21_Adamiak_1.pdb,0,/data/output/PZ21_Adamiak_1.pdb
3.2714093,PZ21_Adamiak_2.pdb,0,/data/output/PZ21_Adamiak_2.pdb
3.5796146,PZ21_Adamiak_3.pdb,0,/data/output/PZ21_Adamiak_3.pdb
3.0882347,PZ21_Adamiak_4.pdb,0,/data/output/PZ21_Adamiak_4.pdb
4.0664287,PZ21_Adamiak_5.pdb,0,/data/output/PZ21_Adamiak_5.pdb
3.8157384,PZ21_Bujnicki_1.pdb,0,/data/output/PZ21_Bujnicki_1.pdb
5.0506854,PZ21_Bujnicki_2.pdb,0,/data/output/PZ21_Bujnicki_2.pdb
5.2093940,PZ21_Bujnicki_3.pdb,0,/data/output/PZ21_Bujnicki_3.pdb
3.6672556,PZ21_Bujnicki_4.pdb,0,/data/output/PZ21_Bujnicki_4.pdb
6.0127497,PZ21_Bujnicki_5.pdb,0,/data/output/PZ21_Bujnicki_5.pdb
4.1340623,PZ21_ChenHighLig_1.pdb,0,/data/output/PZ21_ChenHighLig_1.pdb
3.1618087,PZ21_ChenHighLig_2.pdb,0,/data/output/PZ21_ChenHighLig_2.pdb
4.4869518,PZ21_ChenHighLig_3.pdb,0,/data/output/PZ21_ChenHighLig_3.pdb
3.2875588,PZ21_ChenHighLig_4.pdb,0,/data/output/PZ21_ChenHighLig_4.pdb
4.1236210,PZ21_ChenHighLig_5.pdb,0,/data/output/PZ21_ChenHighLig_5.pdb
4.1294975,PZ21_ChenLowLig_1.pdb,0,/data/output/PZ21_ChenLowLig_1.pdb
3.1595244,PZ21_ChenLowLig_2.pdb,0,/data/output/PZ21_ChenLowLig_2.pdb
4.4812918,PZ21_ChenLowLig_3.pdb,0,/data/output/PZ21_ChenLowLig_3.pdb
3.2782288,PZ21_ChenLowLig_4.pdb,0,/data/output/PZ21_ChenLowLig_4.pdb
4.1390171,PZ21_ChenLowLig_5.pdb,0,/data/output/PZ21_ChenLowLig_5.pdb
2.7985168,PZ21_DasLORES_1.pdb,0,/data/output/PZ21_DasLORES_1.pdb
2.9686046,PZ21_DasLORES_2.pdb,0,/data/output/PZ21_DasLORES_2.pdb
2.9155011,PZ21_DasLORES_3.pdb,0,/data/output/PZ21_DasLORES_3.pdb
4.1521635,PZ21_DasLORES_4.pdb,0,/data/output/PZ21_DasLORES_4.pdb
4.4034066,PZ21_DasLORES_5.pdb,0,/data/output/PZ21_DasLORES_5.pdb
3.1337860,PZ21_Das_1.pdb,0,/data/output/PZ21_Das_1.pdb
3.3348308,PZ21_Das_2.pdb,0,/data/output/PZ21_Das_2.pdb
3.7221525,PZ21_Das_3.pdb,0,/data/output/PZ21_Das_3.pdb
3.0262845,PZ21_Das_4.pdb,0,/data/output/PZ21_Das_4.pdb
3.0147409,PZ21_Das_5.pdb,0,/data/output/PZ21_Das_5.pdb
3.1398485,PZ21_RNAComposer_1.pdb,0,/data/output/PZ21_RNAComposer_1.pdb
3.1957965,PZ21_RNAComposer_2.pdb,0,/data/output/PZ21_RNAComposer_2.pdb
11.5169239,PZ21_RNAComposer_3.pdb,0,/data/output/PZ21_RNAComposer_3.pdb
9.9939814,PZ21_RNAComposer_4.pdb,0,/data/output/PZ21_RNAComposer_4.pdb
2.9308288,PZ21_RNAComposer_5.pdb,0,/data/output/PZ21_RNAComposer_5.pdb
2.7866039,PZ21_RW3D_1.pdb,0,/data/output/PZ21_RW3D_1.pdb
4.3576932,PZ21_RW3D_10.pdb,0,/data/output/PZ21_RW3D_10.pdb
3.2220564,PZ21_RW3D_2.pdb,0,/data/output/PZ21_RW3D_2.pdb
3.7894650,PZ21_RW3D_3.pdb,0,/data/output/PZ21_RW3D_3.pdb
3.0880194,PZ21_RW3D_4.pdb,0,/data/output/PZ21_RW3D_4.pdb
6.0371227,PZ21_RW3D_5.pdb,0,/data/output/PZ21_RW3D_5.pdb
2.9968023,PZ21_RW3D_6.pdb,0,/data/output/PZ21_RW3D_6.pdb
3.2675962,PZ21_RW3D_7.pdb,0,/data/output/PZ21_RW3D_7.pdb
4.4162316,PZ21_RW3D_8.pdb,0,/data/output/PZ21_RW3D_8.pdb
2.8559890,PZ21_RW3D_9.pdb,0,/data/output/PZ21_RW3D_9.pdb
6.6805453,PZ21_Sanbonmatsu_1.pdb,0,/data/output/PZ21_Sanbonmatsu_1.pdb
6.6988835,PZ21_Sanbonmatsu_2.pdb,0,/data/output/PZ21_Sanbonmatsu_2.pdb
5.6148129,PZ21_Sanbonmatsu_3.pdb,0,/data/output/PZ21_Sanbonmatsu_3.pdb
5.5940204,PZ21_Sanbonmatsu_4.pdb,0,/data/output/PZ21_Sanbonmatsu_4.pdb
5.0128989,PZ21_SimRNA_1.pdb,0,/data/output/PZ21_SimRNA_1.pdb
3.9617014,PZ21_SimRNA_2.pdb,0,/data/output/PZ21_SimRNA_2.pdb
5.7509861,PZ21_SimRNA_3.pdb,0,/data/output/PZ21_SimRNA_3.pdb
2.9644048,PZ21_SimRNA_4.pdb,0,/data/output/PZ21_SimRNA_4.pdb
5.7509885,PZ21_SimRNA_5.pdb,0,/data/output/PZ21_SimRNA_5.pdb
3.6973469,PZ22_Bujnicki_1.pdb,0,/data/output/PZ22_Bujnicki_1.pdb
5.2603097,PZ22_Bujnicki_2.pdb,0,/data/output/PZ22_Bujnicki_2.pdb
8.7396994,PZ22_Bujnicki_3.pdb,0,/data/output/PZ22_Bujnicki_3.pdb
6.4553032,PZ22_Bujnicki_4.pdb,0,/data/output/PZ22_Bujnicki_4.pdb
8.6977358,PZ22_Bujnicki_5.pdb,0,/data/output/PZ22_Bujnicki_5.pdb
4.9234047,PZ22_Dokholyan_1.pdb,0,/data/output/PZ22_Dokholyan_1.pdb
7.5067768,PZ22_Dokholyan_2.pdb,0,/data/output/PZ22_Dokholyan_2.pdb
6.7100110,PZ22_Dokholyan_3.pdb,0,/data/output/PZ22_Dokholyan_3.pdb
4.2584977,PZ22_Dokholyan_4.pdb,0,/data/output/PZ22_Dokholyan_4.pdb
6.2822900,PZ22_Dokholyan_5.pdb,0,/data/output/PZ22_Dokholyan_5.pdb
8.2942343,PZ22_SimRNA_1.pdb,0,/data/output/PZ22_SimRNA_1.pdb
6.1632280,PZ22_SimRNA_2.pdb,0,/data/output/PZ22_SimRNA_2.pdb
7.9762154,PZ22_SimRNA_3.pdb,0,/data/output/PZ22_SimRNA_3.pdb
10.5735130,PZ22_SimRNA_4.pdb,0,/data/output/PZ22_SimRNA_4.pdb
6.9427028,PZ22_SimRNA_5.pdb,0,/data/output/PZ22_SimRNA_5.pdb
6.1584044,PZ22_Xiao_1.pdb,0,/data/output/PZ22_Xiao_1.pdb
6.9786558,PZ22_Xiao_2.pdb,0,/data/output/PZ22_Xiao_2.pdb
2.9178636,PZ22_Xiao_3.pdb,0,/data/output/PZ22_Xiao_3.pdb
5.1344848,PZ22_Xiao_4.pdb,0,/data/output/PZ22_Xiao_4.pdb
5.0651116,PZ22_Xiao_5.pdb,0,/data/output/PZ22_Xiao_5.pdb
5.7342896,PZ23_Bujnicki_1.pdb,0,/data/output/PZ23_Bujnicki_1.pdb
5.2811551,PZ23_Bujnicki_2.pdb,0,/data/output/PZ23_Bujnicki_2.pdb
4.8284378,PZ23_Bujnicki_3.pdb,0,/data/output/PZ23_Bujnicki_3.pdb
5.5124907,PZ23_Chen_1.pdb,0,/data/output/PZ23_Chen_1.pdb
6.0901661,PZ23_Chen_2.pdb,0,/data/output/PZ23_Chen_2.pdb
4.0359774,PZ23_Chen_3.pdb,0,/data/output/PZ23_Chen_3.pdb
4.0317888,PZ23_Das_1.pdb,0,/data/output/PZ23_Das_1.pdb
4.2806511,PZ23_Das_10.pdb,0,/data/output/PZ23_Das_10.pdb
3.1837907,PZ23_Das_2.pdb,0,/data/output/PZ23_Das_2.pdb
5.9284458,PZ23_Das_3.pdb,0,/data/output/PZ23_Das_3.pdb
3.3222332,PZ23_Das_4.pdb,0,/data/output/PZ23_Das_4.pdb
3.8376741,PZ23_Das_5.pdb,0,/data/output/PZ23_Das_5.pdb
4.7045298,PZ23_Das_6.pdb,0,/data/output/PZ23_Das_6.pdb
3.8102970,PZ23_Das_7.pdb,0,/data/output/PZ23_Das_7.pdb
4.0180297,PZ23_Das_8.pdb,0,/data/output/PZ23_Das_8.pdb
4.1330256,PZ23_Das_9.pdb,0,/data/output/PZ23_Das_9.pdb
6.7906837,PZ23_Ding_1.pdb,0,/data/output/PZ23_Ding_1.pdb
5.3007307,PZ23_Ding_2.pdb,0,/data/output/PZ23_Ding_2.pdb
7.5331731,PZ23_Ding_3.pdb,0,/data/output/PZ23_Ding_3.pdb
4.7548175,PZ23_Ding_4.pdb,0,/data/output/PZ23_Ding_4.pdb
4.9509263,PZ23_Ding_5.pdb,0,/data/output/PZ23_Ding_5.pdb
3.1563387,PZ23_Dokholyan_1.pdb,0,/data/output/PZ23_Dokholyan_1.pdb
4.3657718,PZ23_SimRNA_1.pdb,0,/data/output/PZ23_SimRNA_1.pdb
5.4040732,PZ23_SimRNA_2.pdb,0,/data/output/PZ23_SimRNA_2.pdb
4.3661714,PZ23_SimRNA_3.pdb,0,/data/output/PZ23_SimRNA_3.pdb
3.5887070,PZ23_SimRNA_4.pdb,0,/data/output/PZ23_SimRNA_4.pdb
3.6061821,PZ23_SimRNA_5.pdb,0,/data/output/PZ23_SimRNA_5.pdb
5.0451140,PZ23_Szachniuk_1.pdb,0,/data/output/PZ23_Szachniuk_1.pdb
4.8881812,PZ23_Szachniuk_2.pdb,0,/data/output/PZ23_Szachniuk_2.pdb
6.0683098,PZ23_Szachniuk_3.pdb,0,/data/output/PZ23_Szachniuk_3.pdb
2.9561746,PZ23_Xiao_1.pdb,0,/data/output/PZ23_Xiao_1.pdb
2.8707042,PZ23_Xiao_2.pdb,0,/data/output/PZ23_Xiao_2.pdb
2.7967224,PZ23_Xiao_3.pdb,0,/data/output/PZ23_Xiao_3.pdb
3.4225345,PZ23_Xiao_4.pdb,0,/data/output/PZ23_Xiao_4.pdb
2.7685692,PZ23_Xiao_5.pdb,0,/data/output/PZ23_Xiao_5.pdb
2.6172733,PZ25_Adamiak_1.pdb,0,/data/output/PZ25_Adamiak_1.pdb
3.1103816,PZ25_Adamiak_2.pdb,0,/data/output/PZ25_Adamiak_2.pdb
2.9782667,PZ25_Adamiak_3.pdb,0,/data/output/PZ25_Adamiak_3.pdb
2.6229057,PZ25_Adamiak_4.pdb,0,/data/output/PZ25_Adamiak_4.pdb
2.7789166,PZ25_Adamiak_5.pdb,0,/data/output/PZ25_Adamiak_5.pdb
1.9870336,PZ25_Bujnicki_1.pdb,0,/data/output/PZ25_Bujnicki_1.pdb
1.9056656,PZ25_Bujnicki_2.pdb,0,/data/output/PZ25_Bujnicki_2.pdb
2.1750691,PZ25_Bujnicki_3.pdb,0,/data/output/PZ25_Bujnicki_3.pdb
1.9401953,PZ25_Bujnicki_4.pdb,0,/data/output/PZ25_Bujnicki_4.pdb
2.5591755,PZ25_Bujnicki_5.pdb,0,/data/output/PZ25_Bujnicki_5.pdb
1.6290879,PZ25_Chen_1.pdb,0,/data/output/PZ25_Chen_1.pdb
1.4805763,PZ25_Chen_10.pdb,0,/data/output/PZ25_Chen_10.pdb
1.6212418,PZ25_Chen_2.pdb,0,/data/output/PZ25_Chen_2.pdb
1.8693693,PZ25_Chen_3.pdb,0,/data/output/PZ25_Chen_3.pdb
2.0493572,PZ25_Chen_4.pdb,0,/data/output/PZ25_Chen_4.pdb
1.7068491,PZ25_Chen_5.pdb,0,/data/output/PZ25_Chen_5.pdb
1.8211875,PZ25_Chen_6.pdb,0,/data/output/PZ25_Chen_6.pdb
2.1287587,PZ25_Chen_7.pdb,0,/data/output/PZ25_Chen_7.pdb
1.4196091,PZ25_Chen_8.pdb,0,/data/output/PZ25_Chen_8.pdb
2.1227131,PZ25_Chen_9.pdb,0,/data/output/PZ25_Chen_9.pdb
1.9955573,PZ25_Das_1.pdb,0,/data/output/PZ25_Das_1.pdb
1.8623848,PZ25_Das_10.pdb,0,/data/output/PZ25_Das_10.pdb
3.6814306,PZ25_Das_2.pdb,0,/data/output/PZ25_Das_2.pdb
2.3273344,PZ25_Das_3.pdb,0,/data/output/PZ25_Das_3.pdb
1.7261560,PZ25_Das_4.pdb,0,/data/output/PZ25_Das_4.pdb
2.1693003,PZ25_Das_5.pdb,0,/data/output/PZ25_Das_5.pdb
1.7250588,PZ25_Das_6.pdb,0,/data/output/PZ25_Das_6.pdb
2.1148112,PZ25_Das_7.pdb,0,/data/output/PZ25_Das_7.pdb
2.2873616,PZ25_Das_8.pdb,0,/data/output/PZ25_Das_8.pdb
2.0491958,PZ25_Das_9.pdb,0,/data/output/PZ25_Das_9.pdb
5.4596901,PZ25_Ding_1.pdb,0,/data/output/PZ25_Ding_1.pdb
7.0875731,PZ25_Ding_2.pdb,0,/data/output/PZ25_Ding_2.pdb
4.0032539,PZ25_Ding_3.pdb,0,/data/output/PZ25_Ding_3.pdb
10.6566343,PZ25_RNAComposer_1.pdb,0,/data/output/PZ25_RNAComposer_1.pdb
5.4796505,PZ25_RNAComposer_2.pdb,0,/data/output/PZ25_RNAComposer_2.pdb
8.1606560,PZ25_RNAComposer_3.pdb,0,/data/output/PZ25_RNAComposer_3.pdb
9.9389477,PZ25_SimRNA_1.pdb,0,/data/output/PZ25_SimRNA_1.pdb
6.5957232,PZ25_SimRNA_2.pdb,0,/data/output/PZ25_SimRNA_2.pdb
4.5819755,PZ25_SimRNA_3.pdb,0,/data/output/PZ25_SimRNA_3.pdb
6.4215531,PZ25_SimRNA_4.pdb,0,/data/output/PZ25_SimRNA_4.pdb
4.7526741,PZ25_SimRNA_5.pdb,0,/data/output/PZ25_SimRNA_5.pdb
2.6700122,PZ25_Xiao_1.pdb,0,/data/output/PZ25_Xiao_1.pdb
2.6922257,PZ25_Xiao_2.pdb,0,/data/output/PZ25_Xiao_2.pdb
3.0158360,PZ25_Xiao_3.pdb,0,/data/output/PZ25_Xiao_3.pdb
3.0817816,PZ25_Xiao_4.pdb,0,/data/output/PZ25_Xiao_4.pdb
3.0489171,PZ25_Xiao_5.pdb,0,/data/output/PZ25_Xiao_5.pdb
3.1703169,PZ25_iFoldRNA_1.pdb,0,/data/output/PZ25_iFoldRNA_1.pdb
2.8137283,PZ28_Adamiak_1.pdb,0,/data/output/PZ28_Adamiak_1.pdb
2.8634324,PZ28_Adamiak_2.pdb,0,/data/output/PZ28_Adamiak_2.pdb
2.7296269,PZ28_Adamiak_3.pdb,0,/data/output/PZ28_Adamiak_3.pdb
2.7747416,PZ28_Adamiak_4.pdb,0,/data/output/PZ28_Adamiak_4.pdb
5.2058187,PZ28_Adamiak_5.pdb,0,/data/output/PZ28_Adamiak_5.pdb
2.1286745,PZ28_Bujnicki_1.pdb,0,/data/output/PZ28_Bujnicki_1.pdb
2.3152061,PZ28_Bujnicki_2.pdb,0,/data/output/PZ28_Bujnicki_2.pdb
2.2861364,PZ28_Bujnicki_3.pdb,0,/data/output/PZ28_Bujnicki_3.pdb
2.2011683,PZ28_Bujnicki_4.pdb,0,/data/output/PZ28_Bujnicki_4.pdb
2.3847992,PZ28_Bujnicki_5.pdb,0,/data/output/PZ28_Bujnicki_5.pdb
2.7182293,PZ28_Chen_1.pdb,0,/data/output/PZ28_Chen_1.pdb
3.0787303,PZ28_Chen_10.pdb,0,/data/output/PZ28_Chen_10.pdb
3.0028694,PZ28_Chen_2.pdb,0,/data/output/PZ28_Chen_2.pdb
2.8342307,PZ28_Chen_3.pdb,0,/data/output/PZ28_Chen_3.pdb
2.7837553,PZ28_Chen_4.pdb,0,/data/output/PZ28_Chen_4.pdb
4.5167804,PZ28_Chen_5.pdb,0,/data/output/PZ28_Chen_5.pdb
2.8856483,PZ28_Chen_6.pdb,0,/data/output/PZ28_Chen_6.pdb
3.3263776,PZ28_Chen_7.pdb,0,/data/output/PZ28_Chen_7.pdb
3.1739457,PZ28_Chen_8.pdb,0,/data/output/PZ28_Chen_8.pdb
3.4503670,PZ28_Chen_9.pdb,0,/data/output/PZ28_Chen_9.pdb
2.9594111,PZ28_Das_1.pdb,0,/data/output/PZ28_Das_1.pdb
2.6828558,PZ28_Das_10.pdb,0,/data/output/PZ28_Das_10.pdb
3.2581475,PZ28_Das_2.pdb,0,/data/output/PZ28_Das_2.pdb
3.3276949,PZ28_Das_3.pdb,0,/data/output/PZ28_Das_3.pdb
4.4274144,PZ28_Das_4.pdb,0,/data/output/PZ28_Das_4.pdb
3.7751679,PZ28_Das_5.pdb,0,/data/output/PZ28_Das_5.pdb
4.0903850,PZ28_Das_6.pdb,0,/data/output/PZ28_Das_6.pdb
2.6527166,PZ28_Das_7.pdb,0,/data/output/PZ28_Das_7.pdb
2.5069382,PZ28_Das_8.pdb,0,/data/output/PZ28_Das_8.pdb
3.3660777,PZ28_Das_9.pdb,0,/data/output/PZ28_Das_9.pdb
10.2043123,PZ28_Ding_1.pdb,0,/data/output/PZ28_Ding_1.pdb
5.7075095,PZ28_Ding_2.pdb,0,/data/output/PZ28_Ding_2.pdb
3.7556863,PZ28_FARFAR2_1.pdb,0,/data/output/PZ28_FARFAR2_1.pdb
2.5713563,PZ28_FARFAR2_10.pdb,0,/data/output/PZ28_FARFAR2_10.pdb
2.9781065,PZ28_FARFAR2_2.pdb,0,/data/output/PZ28_FARFAR2_2.pdb
4.7879949,PZ28_FARFAR2_3.pdb,0,/data/output/PZ28_FARFAR2_3.pdb
4.2806735,PZ28_FARFAR2_4.pdb,0,/data/output/PZ28_FARFAR2_4.pdb
2.9272494,PZ28_FARFAR2_5.pdb,0,/data/output/PZ28_FARFAR2_5.pdb
3.2581496,PZ28_FARFAR2_6.pdb,0,/data/output/PZ28_FARFAR2_6.pdb
4.1361485,PZ28_FARFAR2_7.pdb,0,/data/output/PZ28_FARFAR2_7.pdb
2.6828446,PZ28_FARFAR2_8.pdb,0,/data/output/PZ28_FARFAR2_8.pdb
3.1900098,PZ28_FARFAR2_9.pdb,0,/data/output/PZ28_FARFAR2_9.pdb
3.3394911,PZ28_RNAComposer_1.pdb,0,/data/output/PZ28_RNAComposer_1.pdb
2.4251618,PZ28_RNAComposer_2.pdb,0,/data/output/PZ28_RNAComposer_2.pdb
3.2089093,PZ28_RNAComposer_3.pdb,0,/data/output/PZ28_RNAComposer_3.pdb
3.4932718,PZ28_RNAComposer_4.pdb,0,/data/output/PZ28_RNAComposer_4.pdb
3.1318588,PZ28_RNAComposer_5.pdb,0,/data/output/PZ28_RNAComposer_5.pdb
4.9897566,PZ28_SimRNA_1.pdb,0,/data/output/PZ28_SimRNA_1.pdb
5.1342564,PZ28_SimRNA_2.pdb,0,/data/output/PZ28_SimRNA_2.pdb
4.5534301,PZ28_SimRNA_3.pdb,0,/data/output/PZ28_SimRNA_3.pdb
5.8800869,PZ28_SimRNA_4.pdb,0,/data/output/PZ28_SimRNA_4.pdb
8.2968969,PZ28_SimRNA_5.pdb,0,/data/output/PZ28_SimRNA_5.pdb
2.8206375,PZ28_TFN_1.pdb,0,/data/output/PZ28_TFN_1.pdb
3.8536036,PZ28_TFN_10.pdb,0,/data/output/PZ28_TFN_10.pdb
3.3709061,PZ28_TFN_2.pdb,0,/data/output/PZ28_TFN_2.pdb
3.5458858,PZ28_TFN_3.pdb,0,/data/output/PZ28_TFN_3.pdb
3.2779064,PZ28_TFN_4.pdb,0,/data/output/PZ28_TFN_4.pdb
3.1362309,PZ28_TFN_5.pdb,0,/data/output/PZ28_TFN_5.pdb
3.0576286,PZ28_TFN_6.pdb,0,/data/output/PZ28_TFN_6.pdb
2.3373139,PZ28_TFN_7.pdb,0,/data/output/PZ28_TFN_7.pdb
3.3310871,PZ28_TFN_8.pdb,0,/data/output/PZ28_TFN_8.pdb
5.1126070,PZ28_TFN_9.pdb,0,/data/output/PZ28_TFN_9.pdb
4.2403569,PZ28_Xiao_1.pdb,0,/data/output/PZ28_Xiao_1.pdb
4.2567749,PZ28_Xiao_2.pdb,0,/data/output/PZ28_Xiao_2.pdb
4.2702413,PZ28_Xiao_3.pdb,0,/data/output/PZ28_Xiao_3.pdb
4.2574759,PZ28_Xiao_4.pdb,0,/data/output/PZ28_Xiao_4.pdb
4.2719646,PZ28_Xiao_5.pdb,0,/data/output/PZ28_Xiao_5.pdb
6.8363285,PZ28_iFoldRNA_1.pdb,0,/data/output/PZ28_iFoldRNA_1.pdb
5.3916798,PZ28_iFoldRNA_2.pdb,0,/data/output/PZ28_iFoldRNA_2.pdb
5.2567463,PZ28_iFoldRNA_3.pdb,0,/data/output/PZ28_iFoldRNA_3.pdb
3.6265590,PZ28_iFoldRNA_4.pdb,0,/data/output/PZ28_iFoldRNA_4.pdb
3.5120063,PZ28_iFoldRNA_5.pdb,0,/data/output/PZ28_iFoldRNA_5.pdb
3.0580859,PZ29_Chen_1.pdb,0,/data/output/PZ29_Chen_1.pdb
2.9741306,PZ29_Chen_10.pdb,0,/data/output/PZ29_Chen_10.pdb
2.8987672,PZ29_Chen_2.pdb,0,/data/output/PZ29_Chen_2.pdb
2.2800686,PZ29_Chen_3.pdb,0,/data/output/PZ29_Chen_3.pdb
3.0910974,PZ29_Chen_4.pdb,0,/data/output/PZ29_Chen_4.pdb
2.1133425,PZ29_Chen_5.pdb,0,/data/output/PZ29_Chen_5.pdb
5.2052808,PZ29_Chen_6.pdb,0,/data/output/PZ29_Chen_6.pdb
3.1545780,PZ29_Chen_7.pdb,0,/data/output/PZ29_Chen_7.pdb
5.5489554,PZ29_Chen_8.pdb,0,/data/output/PZ29_Chen_8.pdb
2.9052100,PZ29_Chen_9.pdb,0,/data/output/PZ29_Chen_9.pdb
3.2237866,PZ29_DasPOSTDEADLINE_1.pdb,0,/data/output/PZ29_DasPOSTDEADLINE_1.pdb
3.2769971,PZ29_DasPOSTDEADLINE_10.pdb,0,/data/output/PZ29_DasPOSTDEADLINE_10.pdb
2.2948914,PZ29_DasPOSTDEADLINE_2.pdb,0,/data/output/PZ29_DasPOSTDEADLINE_2.pdb
1.7103879,PZ29_DasPOSTDEADLINE_3.pdb,0,/data/output/PZ29_DasPOSTDEADLINE_3.pdb
2.8531919,PZ29_DasPOSTDEADLINE_4.pdb,0,/data/output/PZ29_DasPOSTDEADLINE_4.pdb
2.5112455,PZ29_DasPOSTDEADLINE_5.pdb,0,/data/output/PZ29_DasPOSTDEADLINE_5.pdb
1.9769268,PZ29_DasPOSTDEADLINE_6.pdb,0,/data/output/PZ29_DasPOSTDEADLINE_6.pdb
2.5315933,PZ29_DasPOSTDEADLINE_7.pdb,0,/data/output/PZ29_DasPOSTDEADLINE_7.pdb
3.1831007,PZ29_DasPOSTDEADLINE_8.pdb,0,/data/output/PZ29_DasPOSTDEADLINE_8.pdb
3.1796107,PZ29_DasPOSTDEADLINE_9.pdb,0,/data/output/PZ29_DasPOSTDEADLINE_9.pdb
2.7927341,PZ29_Dokholyan_1.pdb,0,/data/output/PZ29_Dokholyan_1.pdb
2.7564685,PZ29_RNAComposer_1.pdb,0,/data/output/PZ29_RNAComposer_1.pdb
2.7492807,PZ29_RNAComposer_2.pdb,0,/data/output/PZ29_RNAComposer_2.pdb
3.4990261,PZ29_RNAComposer_3.pdb,0,/data/output/PZ29_RNAComposer_3.pdb
3.2083006,PZ29_RNAComposer_4.pdb,0,/data/output/PZ29_RNAComposer_4.pdb
2.8088934,PZ29_RNAComposer_5.pdb,0,/data/output/PZ29_RNAComposer_5.pdb
6.3862081,PZ29_SimRNA_1.pdb,0,/data/output/PZ29_SimRNA_1.pdb
5.3021536,PZ29_SimRNA_2.pdb,0,/data/output/PZ29_SimRNA_2.pdb
5.1377721,PZ29_SimRNA_3.pdb,0,/data/output/PZ29_SimRNA_3.pdb
7.0871282,PZ29_SimRNA_4.pdb,0,/data/output/PZ29_SimRNA_4.pdb
4.4452248,PZ29_SimRNA_5.pdb,0,/data/output/PZ29_SimRNA_5.pdb
2.9355450,PZ29_Szachniuk_1.pdb,0,/data/output/PZ29_Szachniuk_1.pdb
3.2469001,PZ29_Szachniuk_2.pdb,0,/data/output/PZ29_Szachniuk_2.pdb
3.4450259,PZ29_Szachniuk_3.pdb,0,/data/output/PZ29_Szachniuk_3.pdb
3.1445737,PZ29_Szachniuk_4.pdb,0,/data/output/PZ29_Szachniuk_4.pdb
2.9355485,PZ29_Szachniuk_5.pdb,0,/data/output/PZ29_Szachniuk_5.pdb
5.7002673,PZ2_Bujnicki_2.pdb,0,/data/output/PZ2_Bujnicki_2.pdb
5.7503223,PZ2_Bujnicki_3.pdb,0,/data/output/PZ2_Bujnicki_3.pdb
5.6260462,PZ2_Dokholyan_1.pdb,0,/data/output/PZ2_Dokholyan_1.pdb
3.7275991,PZ32_ARES_1.pdb,0,/data/output/PZ32_ARES_1.pdb
2.2418103,PZ32_ARES_10.pdb,0,/data/output/PZ32_ARES_10.pdb
5.4048238,PZ32_ARES_2.pdb,0,/data/output/PZ32_ARES_2.pdb
5.1246128,PZ32_ARES_3.pdb,0,/data/output/PZ32_ARES_3.pdb
7.5468497,PZ32_ARES_4.pdb,0,/data/output/PZ32_ARES_4.pdb
2.4555843,PZ32_ARES_5.pdb,0,/data/output/PZ32_ARES_5.pdb
4.5620322,PZ32_ARES_6.pdb,0,/data/output/PZ32_ARES_6.pdb
4.5024633,PZ32_ARES_7.pdb,0,/data/output/PZ32_ARES_7.pdb
3.8288233,PZ32_ARES_8.pdb,0,/data/output/PZ32_ARES_8.pdb
4.0038376,PZ32_ARES_9.pdb,0,/data/output/PZ32_ARES_9.pdb
7.6266885,PZ32_Boniecki_1.pdb,0,/data/output/PZ32_Boniecki_1.pdb
4.0713987,PZ32_Boniecki_2.pdb,0,/data/output/PZ32_Boniecki_2.pdb
5.2591205,PZ32_Boniecki_3.pdb,0,/data/output/PZ32_Boniecki_3.pdb
4.5714269,PZ32_Boniecki_4.pdb,0,/data/output/PZ32_Boniecki_4.pdb
5.5507956,PZ32_Boniecki_5.pdb,0,/data/output/PZ32_Boniecki_5.pdb
5.6270356,PZ32_Bujnicki_1.pdb,0,/data/output/PZ32_Bujnicki_1.pdb
3.9275522,PZ32_Bujnicki_2.pdb,0,/data/output/PZ32_Bujnicki_2.pdb
3.8684421,PZ32_Bujnicki_3.pdb,0,/data/output/PZ32_Bujnicki_3.pdb
4.5897012,PZ32_Bujnicki_4.pdb,0,/data/output/PZ32_Bujnicki_4.pdb
4.1754093,PZ32_Bujnicki_5.pdb,0,/data/output/PZ32_Bujnicki_5.pdb
4.6319723,PZ32_Chen_1.pdb,0,/data/output/PZ32_Chen_1.pdb
2.8860867,PZ32_Chen_10.pdb,0,/data/output/PZ32_Chen_10.pdb
3.0900102,PZ32_Chen_2.pdb,0,/data/output/PZ32_Chen_2.pdb
2.6661940,PZ32_Chen_3.pdb,0,/data/output/PZ32_Chen_3.pdb
2.9767725,PZ32_Chen_4.pdb,0,/data/output/PZ32_Chen_4.pdb
2.5379887,PZ32_Chen_5.pdb,0,/data/output/PZ32_Chen_5.pdb
5.5069399,PZ32_Chen_6.pdb,0,/data/output/PZ32_Chen_6.pdb
7.6344576,PZ32_Chen_7.pdb,0,/data/output/PZ32_Chen_7.pdb
4.3311238,PZ32_Chen_8.pdb,0,/data/output/PZ32_Chen_8.pdb
3.0012438,PZ32_Chen_9.pdb,0,/data/output/PZ32_Chen_9.pdb
4.4933681,PZ32_Das_1.pdb,0,/data/output/PZ32_Das_1.pdb
2.2418110,PZ32_Das_10.pdb,0,/data/output/PZ32_Das_10.pdb
4.6243668,PZ32_Das_2.pdb,0,/data/output/PZ32_Das_2.pdb
5.2701626,PZ32_Das_3.pdb,0,/data/output/PZ32_Das_3.pdb
4.7860203,PZ32_Das_4.pdb,0,/data/output/PZ32_Das_4.pdb
4.2519426,PZ32_Das_5.pdb,0,/data/output/PZ32_Das_5.pdb
3.7275941,PZ32_Das_6.pdb,0,/data/output/PZ32_Das_6.pdb
7.5468440,PZ32_Das_7.pdb,0,/data/output/PZ32_Das_7.pdb
4.5620432,PZ32_Das_8.pdb,0,/data/output/PZ32_Das_8.pdb
4.5024524,PZ32_Das_9.pdb,0,/data/output/PZ32_Das_9.pdb
6.9550214,PZ32_Dfold_1.pdb,0,/data/output/PZ32_Dfold_1.pdb
12.5187855,PZ32_Dfold_10.pdb,0,/data/output/PZ32_Dfold_10.pdb
5.9513450,PZ32_Dfold_2.pdb,0,/data/output/PZ32_Dfold_2.pdb
13.8878355,PZ32_Dfold_3.pdb,0,/data/output/PZ32_Dfold_3.pdb
7.1534319,PZ32_Dfold_4.pdb,0,/data/output/PZ32_Dfold_4.pdb
10.4549551,PZ32_Dfold_5.pdb,0,/data/output/PZ32_Dfold_5.pdb
10.6536045,PZ32_Dfold_6.pdb,0,/data/output/PZ32_Dfold_6.pdb
9.0942984,PZ32_Dfold_7.pdb,0,/data/output/PZ32_Dfold_7.pdb
12.1427031,PZ32_Dfold_8.pdb,0,/data/output/PZ32_Dfold_8.pdb
28.2775536,PZ32_Dfold_9.pdb,0,/data/output/PZ32_Dfold_9.pdb
4.1380382,PZ32_Ding_1.pdb,0,/data/output/PZ32_Ding_1.pdb
4.2765217,PZ32_Ding_2.pdb,0,/data/output/PZ32_Ding_2.pdb
3.5926762,PZ32_Ding_3.pdb,0,/data/output/PZ32_Ding_3.pdb
4.3117509,PZ32_Ding_4.pdb,0,/data/output/PZ32_Ding_4.pdb
3.9660623,PZ32_Ding_5.pdb,0,/data/output/PZ32_Ding_5.pdb
4.3271141,PZ32_Ding_6.pdb,0,/data/output/PZ32_Ding_6.pdb
6.3134246,PZ32_Ding_7.pdb,0,/data/output/PZ32_Ding_7.pdb
5.6338859,PZ32_Ding_8.pdb,0,/data/output/PZ32_Ding_8.pdb
3.6611855,PZ32_Dokholyan_1.pdb,0,/data/output/PZ32_Dokholyan_1.pdb
4.6703401,PZ32_Dokholyan_2.pdb,0,/data/output/PZ32_Dokholyan_2.pdb
6.3045144,PZ32_Dokholyan_3.pdb,0,/data/output/PZ32_Dokholyan_3.pdb
5.3813214,PZ32_FARFAR2_1.pdb,0,/data/output/PZ32_FARFAR2_1.pdb
2.8113306,PZ32_FARFAR2_10.pdb,0,/data/output/PZ32_FARFAR2_10.pdb
2.5407166,PZ32_FARFAR2_2.pdb,0,/data/output/PZ32_FARFAR2_2.pdb
4.4933805,PZ32_FARFAR2_3.pdb,0,/data/output/PZ32_FARFAR2_3.pdb
4.9872293,PZ32_FARFAR2_4.pdb,0,/data/output/PZ32_FARFAR2_4.pdb
4.6243587,PZ32_FARFAR2_5.pdb,0,/data/output/PZ32_FARFAR2_5.pdb
5.2701578,PZ32_FARFAR2_6.pdb,0,/data/output/PZ32_FARFAR2_6.pdb
3.9291611,PZ32_FARFAR2_7.pdb,0,/data/output/PZ32_FARFAR2_7.pdb
6.3883262,PZ32_FARFAR2_8.pdb,0,/data/output/PZ32_FARFAR2_8.pdb
2.5325303,PZ32_FARFAR2_9.pdb,0,/data/output/PZ32_FARFAR2_9.pdb
10.1586466,PZ32_Nithin_1.pdb,0,/data/output/PZ32_Nithin_1.pdb
15.7695417,PZ32_Nithin_2.pdb,0,/data/output/PZ32_Nithin_2.pdb
14.8954353,PZ32_Nithin_3.pdb,0,/data/output/PZ32_Nithin_3.pdb
5.0437059,PZ32_Nithin_4.pdb,0,/data/output/PZ32_Nithin_4.pdb
5.7747641,PZ32_Nithin_5.pdb,0,/data/output/PZ32_Nithin_5.pdb
2.6633878,PZ32_Perez_1.pdb,0,/data/output/PZ32_Perez_1.pdb
2.7752194,PZ32_Perez_10.pdb,0,/data/output/PZ32_Perez_10.pdb
3.9744251,PZ32_Perez_2.pdb,0,/data/output/PZ32_Perez_2.pdb
3.1991079,PZ32_Perez_3.pdb,0,/data/output/PZ32_Perez_3.pdb
2.3658960,PZ32_Perez_4.pdb,0,/data/output/PZ32_Perez_4.pdb
2.9704356,PZ32_Perez_5.pdb,0,/data/output/PZ32_Perez_5.pdb
1.5984912,PZ32_Perez_6.pdb,0,/data/output/PZ32_Perez_6.pdb
3.1374762,PZ32_Perez_7.pdb,0,/data/output/PZ32_Perez_7.pdb
2.6807954,PZ32_Perez_8.pdb,0,/data/output/PZ32_Perez_8.pdb
2.5150173,PZ32_Perez_9.pdb,0,/data/output/PZ32_Perez_9.pdb
8.0011415,PZ32_RNAComposer_1.pdb,0,/data/output/PZ32_RNAComposer_1.pdb
23.2608032,PZ32_RNAComposer_2.pdb,0,/data/output/PZ32_RNAComposer_2.pdb
3.3859642,PZ32_RNAComposer_3.pdb,0,/data/output/PZ32_RNAComposer_3.pdb
2.7917349,PZ32_RNAComposer_4.pdb,0,/data/output/PZ32_RNAComposer_4.pdb
3.8707857,PZ32_RNAComposer_5.pdb,0,/data/output/PZ32_RNAComposer_5.pdb
5.8567915,PZ32_SimRNA_1.pdb,0,/data/output/PZ32_SimRNA_1.pdb
5.6734533,PZ32_SimRNA_2.pdb,0,/data/output/PZ32_SimRNA_2.pdb
6.5329871,PZ32_SimRNA_3.pdb,0,/data/output/PZ32_SimRNA_3.pdb
3.4174895,PZ32_SimRNA_4.pdb,0,/data/output/PZ32_SimRNA_4.pdb
4.5029368,PZ32_SimRNA_5.pdb,0,/data/output/PZ32_SimRNA_5.pdb
2.5092995,PZ32_Szachniuk_1.pdb,0,/data/output/PZ32_Szachniuk_1.pdb
3.8680034,PZ32_Szachniuk_2.pdb,0,/data/output/PZ32_Szachniuk_2.pdb
3.1924860,PZ32_Szachniuk_3.pdb,0,/data/output/PZ32_Szachniuk_3.pdb
3.4302955,PZ32_Szachniuk_4.pdb,0,/data/output/PZ32_Szachniuk_4.pdb
3.4441462,PZ32_Szachniuk_5.pdb,0,/data/output/PZ32_Szachniuk_5.pdb
2.9669163,PZ32_Xiao_1.pdb,0,/data/output/PZ32_Xiao_1.pdb
2.7196097,PZ32_Xiao_2.pdb,0,/data/output/PZ32_Xiao_2.pdb
3.7268894,PZ32_Xiao_3.pdb,0,/data/output/PZ32_Xiao_3.pdb
3.0084429,PZ32_Xiao_4.pdb,0,/data/output/PZ32_Xiao_4.pdb
2.6567695,PZ32_Xiao_5.pdb,0,/data/output/PZ32_Xiao_5.pdb
4.8710537,PZ35_Bujnicki_1.pdb,0,/data/output/PZ35_Bujnicki_1.pdb
5.6044559,PZ35_Bujnicki_2.pdb,0,/data/output/PZ35_Bujnicki_2.pdb
3.2676144,PZ35_Bujnicki_3.pdb,0,/data/output/PZ35_Bujnicki_3.pdb
8.7967796,PZ35_Bujnicki_4.pdb,0,/data/output/PZ35_Bujnicki_4.pdb
7.5330720,PZ35_Bujnicki_5.pdb,0,/data/output/PZ35_Bujnicki_5.pdb
3.2213469,PZ35_Chen_1.pdb,0,/data/output/PZ35_Chen_1.pdb
4.3111644,PZ35_Chen_10.pdb,0,/data/output/PZ35_Chen_10.pdb
3.2760189,PZ35_Chen_2.pdb,0,/data/output/PZ35_Chen_2.pdb
4.5649476,PZ35_Chen_3.pdb,0,/data/output/PZ35_Chen_3.pdb
3.1330810,PZ35_Chen_4.pdb,0,/data/output/PZ35_Chen_4.pdb
3.7331386,PZ35_Chen_5.pdb,0,/data/output/PZ35_Chen_5.pdb
5.8446627,PZ35_Chen_6.pdb,0,/data/output/PZ35_Chen_6.pdb
3.4785690,PZ35_Chen_7.pdb,0,/data/output/PZ35_Chen_7.pdb
4.4469509,PZ35_Chen_8.pdb,0,/data/output/PZ35_Chen_8.pdb
2.9136472,PZ35_Chen_9.pdb,0,/data/output/PZ35_Chen_9.pdb
12.8587723,PZ35_Dfold2_1.pdb,0,/data/output/PZ35_Dfold2_1.pdb
4.3928618,PZ35_Dfold2_2.pdb,0,/data/output/PZ35_Dfold2_2.pdb
6.6681890,PZ35_Dfold2_3.pdb,0,/data/output/PZ35_Dfold2_3.pdb
6.9677124,PZ35_Dfold2_4.pdb,0,/data/output/PZ35_Dfold2_4.pdb
11.0426817,PZ35_Dfold2_5.pdb,0,/data/output/PZ35_Dfold2_5.pdb
8.2622728,PZ35_Dfold2_6.pdb,0,/data/output/PZ35_Dfold2_6.pdb
6.3398404,PZ35_Dfold2_7.pdb,0,/data/output/PZ35_Dfold2_7.pdb
5.2158031,PZ35_Dfold2_8.pdb,0,/data/output/PZ35_Dfold2_8.pdb
11.7074671,PZ35_Ding_1.pdb,0,/data/output/PZ35_Ding_1.pdb
6.6144714,PZ35_Ding_2.pdb,0,/data/output/PZ35_Ding_2.pdb
5.6940522,PZ35_Ding_3.pdb,0,/data/output/PZ35_Ding_3.pdb
8.6208210,PZ35_Ding_4.pdb,0,/data/output/PZ35_Ding_4.pdb
8.9362001,PZ35_Ding_5.pdb,0,/data/output/PZ35_Ding_5.pdb
6.9950271,PZ35_Ding_6.pdb,0,/data/output/PZ35_Ding_6.pdb
11.1252346,PZ35_Ding_7.pdb,0,/data/output/PZ35_Ding_7.pdb
6.2529559,PZ35_Dokholyan_1.pdb,0,/data/output/PZ35_Dokholyan_1.pdb
12.3475428,PZ35_Dokholyan_2.pdb,0,/data/output/PZ35_Dokholyan_2.pdb
5.6033888,PZ35_Nithin_1.pdb,0,/data/output/PZ35_Nithin_1.pdb
6.2913265,PZ35_Nithin_2.pdb,0,/data/output/PZ35_Nithin_2.pdb
6.3246527,PZ35_Nithin_3.pdb,0,/data/output/PZ35_Nithin_3.pdb
5.3291507,PZ35_Nithin_4.pdb,0,/data/output/PZ35_Nithin_4.pdb
4.2489929,PZ35_Nithin_5.pdb,0,/data/output/PZ35_Nithin_5.pdb
9.9107008,PZ35_RNAComposer_1.pdb,0,/data/output/PZ35_RNAComposer_1.pdb
6.5850101,PZ35_RNAComposer_2.pdb,0,/data/output/PZ35_RNAComposer_2.pdb
7.8853636,PZ35_RNAComposer_3.pdb,0,/data/output/PZ35_RNAComposer_3.pdb
8.4676294,PZ35_RNAComposer_4.pdb,0,/data/output/PZ35_RNAComposer_4.pdb
15.6905622,PZ35_RNAComposer_5.pdb,0,/data/output/PZ35_RNAComposer_5.pdb
4.8961363,PZ35_SimRNA_1.pdb,0,/data/output/PZ35_SimRNA_1.pdb
6.8899360,PZ35_SimRNA_2.pdb,0,/data/output/PZ35_SimRNA_2.pdb
5.3180847,PZ35_SimRNA_3.pdb,0,/data/output/PZ35_SimRNA_3.pdb
6.9336300,PZ35_SimRNA_4.pdb,0,/data/output/PZ35_SimRNA_4.pdb
5.6774416,PZ35_SimRNA_5.pdb,0,/data/output/PZ35_SimRNA_5.pdb
4.5825572,PZ35_Szachniuk_1.pdb,0,/data/output/PZ35_Szachniuk_1.pdb
4.5465312,PZ35_Szachniuk_2.pdb,0,/data/output/PZ35_Szachniuk_2.pdb
3.6756487,PZ35_Szachniuk_3.pdb,0,/data/output/PZ35_Szachniuk_3.pdb
4.9035888,PZ35_Szachniuk_4.pdb,0,/data/output/PZ35_Szachniuk_4.pdb
4.8639784,PZ36_Bujnicki_1.pdb,0,/data/output/PZ36_Bujnicki_1.pdb
5.6825628,PZ36_Bujnicki_2.pdb,0,/data/output/PZ36_Bujnicki_2.pdb
3.2910368,PZ36_Bujnicki_3.pdb,0,/data/output/PZ36_Bujnicki_3.pdb
8.2424078,PZ36_Bujnicki_4.pdb,0,/data/output/PZ36_Bujnicki_4.pdb
6.8830638,PZ36_Bujnicki_5.pdb,0,/data/output/PZ36_Bujnicki_5.pdb
3.3582313,PZ36_Chen_1.pdb,0,/data/output/PZ36_Chen_1.pdb
4.3750062,PZ36_Chen_10.pdb,0,/data/output/PZ36_Chen_10.pdb
3.3437169,PZ36_Chen_2.pdb,0,/data/output/PZ36_Chen_2.pdb
4.6139107,PZ36_Chen_3.pdb,0,/data/output/PZ36_Chen_3.pdb
3.2348573,PZ36_Chen_4.pdb,0,/data/output/PZ36_Chen_4.pdb
3.8522992,PZ36_Chen_5.pdb,0,/data/output/PZ36_Chen_5.pdb
5.9189863,PZ36_Chen_6.pdb,0,/data/output/PZ36_Chen_6.pdb
3.5229468,PZ36_Chen_7.pdb,0,/data/output/PZ36_Chen_7.pdb
4.6156297,PZ36_Chen_8.pdb,0,/data/output/PZ36_Chen_8.pdb
3.0382676,PZ36_Chen_9.pdb,0,/data/output/PZ36_Chen_9.pdb
5.1477466,PZ36_Ding_1.pdb,0,/data/output/PZ36_Ding_1.pdb
8.8017511,PZ36_Ding_2.pdb,0,/data/output/PZ36_Ding_2.pdb
6.9264064,PZ36_Ding_3.pdb,0,/data/output/PZ36_Ding_3.pdb
5.6003380,PZ36_Ding_4.pdb,0,/data/output/PZ36_Ding_4.pdb
6.9116802,PZ36_Nithin_1.pdb,0,/data/output/PZ36_Nithin_1.pdb
6.4505053,PZ36_Nithin_2.pdb,0,/data/output/PZ36_Nithin_2.pdb
7.1514864,PZ36_Nithin_3.pdb,0,/data/output/PZ36_Nithin_3.pdb
6.7878509,PZ36_Nithin_4.pdb,0,/data/output/PZ36_Nithin_4.pdb
9.3984251,PZ36_Nithin_5.pdb,0,/data/output/PZ36_Nithin_5.pdb
7.2136168,PZ36_RNAComposer_1.pdb,0,/data/output/PZ36_RNAComposer_1.pdb
6.7321534,PZ36_RNAComposer_2.pdb,0,/data/output/PZ36_RNAComposer_2.pdb
5.3386474,PZ36_RNAComposer_3.pdb,0,/data/output/PZ36_RNAComposer_3.pdb
7.4363966,PZ36_RNAComposer_4.pdb,0,/data/output/PZ36_RNAComposer_4.pdb
6.0953865,PZ36_RNAComposer_5.pdb,0,/data/output/PZ36_RNAComposer_5.pdb
4.7394686,PZ36_Szachniuk_1.pdb,0,/data/output/PZ36_Szachniuk_1.pdb
4.5462031,PZ36_Szachniuk_2.pdb,0,/data/output/PZ36_Szachniuk_2.pdb
3.7957950,PZ36_Szachniuk_3.pdb,0,/data/output/PZ36_Szachniuk_3.pdb
4.6716537,PZ36_Szachniuk_4.pdb,0,/data/output/PZ36_Szachniuk_4.pdb
4.9052067,PZ37_Bujnicki_1.pdb,0,/data/output/PZ37_Bujnicki_1.pdb
5.6071258,PZ37_Bujnicki_2.pdb,0,/data/output/PZ37_Bujnicki_2.pdb
7.3888726,PZ37_Bujnicki_3.pdb,0,/data/output/PZ37_Bujnicki_3.pdb
4.8656392,PZ37_Bujnicki_4.pdb,0,/data/output/PZ37_Bujnicki_4.pdb
5.5239892,PZ37_Bujnicki_5.pdb,0,/data/output/PZ37_Bujnicki_5.pdb
3.1770015,PZ37_Chen_1.pdb,0,/data/output/PZ37_Chen_1.pdb
3.1511884,PZ37_Chen_10.pdb,0,/data/output/PZ37_Chen_10.pdb
5.1893630,PZ37_Chen_2.pdb,0,/data/output/PZ37_Chen_2.pdb
3.4366388,PZ37_Chen_3.pdb,0,/data/output/PZ37_Chen_3.pdb
4.1204228,PZ37_Chen_4.pdb,0,/data/output/PZ37_Chen_4.pdb
2.7239568,PZ37_Chen_5.pdb,0,/data/output/PZ37_Chen_5.pdb
3.3010681,PZ37_Chen_6.pdb,0,/data/output/PZ37_Chen_6.pdb
3.2993867,PZ37_Chen_7.pdb,0,/data/output/PZ37_Chen_7.pdb
4.4542537,PZ37_Chen_8.pdb,0,/data/output/PZ37_Chen_8.pdb
3.7408776,PZ37_Chen_9.pdb,0,/data/output/PZ37_Chen_9.pdb
5.4021487,PZ37_DasARESapo_1.pdb,0,/data/output/PZ37_DasARESapo_1.pdb
4.6579499,PZ37_DasARESapo_2.pdb,0,/data/output/PZ37_DasARESapo_2.pdb
3.2321441,PZ37_DasARESapo_3.pdb,0,/data/output/PZ37_DasARESapo_3.pdb
3.6865528,PZ37_DasARESapo_4.pdb,0,/data/output/PZ37_DasARESapo_4.pdb
5.6841865,PZ37_DasARESapo_5.pdb,0,/data/output/PZ37_DasARESapo_5.pdb
3.8062525,PZ37_DasFARFAR2ARESholo_1.pdb,0,/data/output/PZ37_DasFARFAR2ARESholo_1.pdb
3.6865549,PZ37_DasFARFAR2ARESholo_2.pdb,0,/data/output/PZ37_DasFARFAR2ARESholo_2.pdb
2.8441348,PZ37_DasFARFAR2ARESholo_3.pdb,0,/data/output/PZ37_DasFARFAR2ARESholo_3.pdb
3.1116314,PZ37_DasFARFAR2ARESholo_4.pdb,0,/data/output/PZ37_DasFARFAR2ARESholo_4.pdb
4.7522054,PZ37_DasFARFAR2ARESholo_5.pdb,0,/data/output/PZ37_DasFARFAR2ARESholo_5.pdb
3.1116331,PZ37_DasFARFAR2apo_1.pdb,0,/data/output/PZ37_DasFARFAR2apo_1.pdb
3.5292993,PZ37_DasFARFAR2apo_2.pdb,0,/data/output/PZ37_DasFARFAR2apo_2.pdb
4.1105719,PZ37_DasFARFAR2apo_3.pdb,0,/data/output/PZ37_DasFARFAR2apo_3.pdb
2.8441315,PZ37_DasFARFAR2apo_4.pdb,0,/data/output/PZ37_DasFARFAR2apo_4.pdb
3.5821505,PZ37_DasFARFAR2apo_5.pdb,0,/data/output/PZ37_DasFARFAR2apo_5.pdb
4.6210451,PZ37_DasSWMapo_1.pdb,0,/data/output/PZ37_DasSWMapo_1.pdb
3.6303425,PZ37_DasSWMapo_2.pdb,0,/data/output/PZ37_DasSWMapo_2.pdb
3.5567267,PZ37_DasSWMapo_3.pdb,0,/data/output/PZ37_DasSWMapo_3.pdb
3.7303424,PZ37_DasSWMapo_4.pdb,0,/data/output/PZ37_DasSWMapo_4.pdb
3.5291104,PZ37_DasSWMapo_5.pdb,0,/data/output/PZ37_DasSWMapo_5.pdb
8.8910637,PZ37_Dfold_1.pdb,0,/data/output/PZ37_Dfold_1.pdb
9.3083735,PZ37_Dfold_10.pdb,0,/data/output/PZ37_Dfold_10.pdb
4.6516957,PZ37_Dfold_11.pdb,0,/data/output/PZ37_Dfold_11.pdb
6.4891939,PZ37_Dfold_2.pdb,0,/data/output/PZ37_Dfold_2.pdb
6.8905072,PZ37_Dfold_3.pdb,0,/data/output/PZ37_Dfold_3.pdb
9.1802731,PZ37_Dfold_4.pdb,0,/data/output/PZ37_Dfold_4.pdb
6.4339466,PZ37_Dfold_5.pdb,0,/data/output/PZ37_Dfold_5.pdb
5.2098274,PZ37_Dfold_6.pdb,0,/data/output/PZ37_Dfold_6.pdb
5.2098260,PZ37_Dfold_7.pdb,0,/data/output/PZ37_Dfold_7.pdb
5.2098212,PZ37_Dfold_8.pdb,0,/data/output/PZ37_Dfold_8.pdb
3.9520669,PZ37_Dfold_9.pdb,0,/data/output/PZ37_Dfold_9.pdb
6.4344869,PZ37_DiMaio_1.pdb,0,/data/output/PZ37_DiMaio_1.pdb
4.4578295,PZ37_Ding_1.pdb,0,/data/output/PZ37_Ding_1.pdb
8.7339430,PZ37_Dokholyan_1.pdb,0,/data/output/PZ37_Dokholyan_1.pdb
8.3447514,PZ37_Dokholyan_2.pdb,0,/data/output/PZ37_Dokholyan_2.pdb
7.0387769,PZ37_Dokholyan_3.pdb,0,/data/output/PZ37_Dokholyan_3.pdb
4.8837805,PZ37_Dokholyan_4.pdb,0,/data/output/PZ37_Dokholyan_4.pdb
5.5637012,PZ37_Dokholyan_5.pdb,0,/data/output/PZ37_Dokholyan_5.pdb
3.1048017,PZ37_RNAComposer_1.pdb,0,/data/output/PZ37_RNAComposer_1.pdb
5.2329583,PZ37_RNAComposer_2.pdb,0,/data/output/PZ37_RNAComposer_2.pdb
4.5017300,PZ37_RNAComposer_3.pdb,0,/data/output/PZ37_RNAComposer_3.pdb
11.2341852,PZ37_RNAComposer_4.pdb,0,/data/output/PZ37_RNAComposer_4.pdb
10.6891661,PZ37_RNAComposer_5.pdb,0,/data/output/PZ37_RNAComposer_5.pdb
5.9576516,PZ37_SimRNA_1.pdb,0,/data/output/PZ37_SimRNA_1.pdb
7.5346837,PZ37_SimRNA_2.pdb,0,/data/output/PZ37_SimRNA_2.pdb
7.6424861,PZ37_SimRNA_3.pdb,0,/data/output/PZ37_SimRNA_3.pdb
6.2025814,PZ37_SimRNA_4.pdb,0,/data/output/PZ37_SimRNA_4.pdb
6.9437466,PZ37_SimRNA_5.pdb,0,/data/output/PZ37_SimRNA_5.pdb
3.8866286,PZ37_Szachniuk_1.pdb,0,/data/output/PZ37_Szachniuk_1.pdb
3.2423820,PZ37_Szachniuk_2.pdb,0,/data/output/PZ37_Szachniuk_2.pdb
3.0665615,PZ37_Szachniuk_3.pdb,0,/data/output/PZ37_Szachniuk_3.pdb
3.0768778,PZ37_Szachniuk_4.pdb,0,/data/output/PZ37_Szachniuk_4.pdb
4.7658176,PZ37_Szachniuk_5.pdb,0,/data/output/PZ37_Szachniuk_5.pdb
3.7848573,PZ37_Xiao_1.pdb,0,/data/output/PZ37_Xiao_1.pdb
3.7333584,PZ37_Xiao_2.pdb,0,/data/output/PZ37_Xiao_2.pdb
3.5893507,PZ37_Xiao_3.pdb,0,/data/output/PZ37_Xiao_3.pdb
5.9223075,PZ37_Xiao_4.pdb,0,/data/output/PZ37_Xiao_4.pdb
4.7706900,PZ37_Xiao_5.pdb,0,/data/output/PZ37_Xiao_5.pdb
3.7848673,PZ37_Xiao_6.pdb,0,/data/output/PZ37_Xiao_6.pdb
8.3580837,PZ37_Yang_1.pdb,0,/data/output/PZ37_Yang_1.pdb
8.1973438,PZ37_Yang_10.pdb,0,/data/output/PZ37_Yang_10.pdb
5.1642618,PZ37_Yang_2.pdb,0,/data/output/PZ37_Yang_2.pdb
5.3491240,PZ37_Yang_3.pdb,0,/data/output/PZ37_Yang_3.pdb
6.7711411,PZ37_Yang_4.pdb,0,/data/output/PZ37_Yang_4.pdb
6.1441040,PZ37_Yang_5.pdb,0,/data/output/PZ37_Yang_5.pdb
6.1412086,PZ37_Yang_6.pdb,0,/data/output/PZ37_Yang_6.pdb
6.2738481,PZ37_Yang_7.pdb,0,/data/output/PZ37_Yang_7.pdb
7.7347636,PZ37_Yang_8.pdb,0,/data/output/PZ37_Yang_8.pdb
12.9002361,PZ37_Yang_9.pdb,0,/data/output/PZ37_Yang_9.pdb
8.2886610,PZ37_Zhou_1.pdb,0,/data/output/PZ37_Zhou_1.pdb
6.1529779,PZ38_Bujnicki_1.pdb,0,/data/output/PZ38_Bujnicki_1.pdb
7.1404700,PZ38_Bujnicki_2.pdb,0,/data/output/PZ38_Bujnicki_2.pdb
8.6756992,PZ38_Bujnicki_3.pdb,0,/data/output/PZ38_Bujnicki_3.pdb
3.6157165,PZ38_Bujnicki_4.pdb,0,/data/output/PZ38_Bujnicki_4.pdb
8.1387749,PZ38_Bujnicki_5.pdb,0,/data/output/PZ38_Bujnicki_5.pdb
2.5046620,PZ38_Chen_1.pdb,0,/data/output/PZ38_Chen_1.pdb
3.5143285,PZ38_Chen_10.pdb,0,/data/output/PZ38_Chen_10.pdb
3.5990880,PZ38_Chen_2.pdb,0,/data/output/PZ38_Chen_2.pdb
2.4090056,PZ38_Chen_3.pdb,0,/data/output/PZ38_Chen_3.pdb
2.0279436,PZ38_Chen_4.pdb,0,/data/output/PZ38_Chen_4.pdb
4.1129384,PZ38_Chen_5.pdb,0,/data/output/PZ38_Chen_5.pdb
2.5922475,PZ38_Chen_6.pdb,0,/data/output/PZ38_Chen_6.pdb
2.2702887,PZ38_Chen_7.pdb,0,/data/output/PZ38_Chen_7.pdb
3.5076284,PZ38_Chen_8.pdb,0,/data/output/PZ38_Chen_8.pdb
4.3357639,PZ38_Chen_9.pdb,0,/data/output/PZ38_Chen_9.pdb
3.4173188,PZ38_DasARESApo_1.pdb,0,/data/output/PZ38_DasARESApo_1.pdb
3.3994644,PZ38_DasARESApo_2.pdb,0,/data/output/PZ38_DasARESApo_2.pdb
2.5654335,PZ38_DasARESApo_3.pdb,0,/data/output/PZ38_DasARESApo_3.pdb
3.9920533,PZ38_DasARESApo_4.pdb,0,/data/output/PZ38_DasARESApo_4.pdb
5.3298483,PZ38_DasARESApo_5.pdb,0,/data/output/PZ38_DasARESApo_5.pdb
5.9517932,PZ38_DasFARFAR2Apo_1.pdb,0,/data/output/PZ38_DasFARFAR2Apo_1.pdb
5.3849492,PZ38_DasFARFAR2Apo_2.pdb,0,/data/output/PZ38_DasFARFAR2Apo_2.pdb
4.5646582,PZ38_DasFARFAR2Apo_3.pdb,0,/data/output/PZ38_DasFARFAR2Apo_3.pdb
2.6416698,PZ38_DasFARFAR2Apo_4.pdb,0,/data/output/PZ38_DasFARFAR2Apo_4.pdb
3.3876328,PZ38_DasFARFAR2Apo_5.pdb,0,/data/output/PZ38_DasFARFAR2Apo_5.pdb
5.3298459,PZ38_DasFARFAR2Holo_1.pdb,0,/data/output/PZ38_DasFARFAR2Holo_1.pdb
3.3636808,PZ38_DasFARFAR2NNApo_1.pdb,0,/data/output/PZ38_DasFARFAR2NNApo_1.pdb
3.1742160,PZ38_DasFARFAR2NNApo_2.pdb,0,/data/output/PZ38_DasFARFAR2NNApo_2.pdb
3.4774504,PZ38_DasFARFAR2NNApo_3.pdb,0,/data/output/PZ38_DasFARFAR2NNApo_3.pdb
4.5318532,PZ38_DasFARFAR2NNApo_4.pdb,0,/data/output/PZ38_DasFARFAR2NNApo_4.pdb
4.4476857,PZ38_DasFARFAR2NNApo_5.pdb,0,/data/output/PZ38_DasFARFAR2NNApo_5.pdb
4.4277949,PZ38_DasFARFAR2NNHolo_1.pdb,0,/data/output/PZ38_DasFARFAR2NNHolo_1.pdb
5.4661417,PZ38_Dfold_1.pdb,0,/data/output/PZ38_Dfold_1.pdb
9.5466480,PZ38_Dfold_2.pdb,0,/data/output/PZ38_Dfold_2.pdb
5.8338108,PZ38_Dfold_3.pdb,0,/data/output/PZ38_Dfold_3.pdb
6.6629796,PZ38_Dfold_4.pdb,0,/data/output/PZ38_Dfold_4.pdb
9.5466547,PZ38_Dfold_5.pdb,0,/data/output/PZ38_Dfold_5.pdb
5.8848066,PZ38_Ding_1.pdb,0,/data/output/PZ38_Ding_1.pdb
4.8476348,PZ38_Ding_2.pdb,0,/data/output/PZ38_Ding_2.pdb
4.5379043,PZ38_Ding_3.pdb,0,/data/output/PZ38_Ding_3.pdb
4.0721679,PZ38_Ding_4.pdb,0,/data/output/PZ38_Ding_4.pdb
9.1514397,PZ38_Ding_5.pdb,0,/data/output/PZ38_Ding_5.pdb
5.5477891,PZ38_Ding_6.pdb,0,/data/output/PZ38_Ding_6.pdb
6.0180864,PZ38_Dokholyan_1.pdb,0,/data/output/PZ38_Dokholyan_1.pdb
6.8443437,PZ38_RNAComposer_1.pdb,0,/data/output/PZ38_RNAComposer_1.pdb
6.4635220,PZ38_RNAComposer_2.pdb,0,/data/output/PZ38_RNAComposer_2.pdb
5.8877149,PZ38_RNAComposer_3.pdb,0,/data/output/PZ38_RNAComposer_3.pdb
10.8256445,PZ38_RNAComposer_4.pdb,0,/data/output/PZ38_RNAComposer_4.pdb
3.1871858,PZ38_RNAComposer_5.pdb,0,/data/output/PZ38_RNAComposer_5.pdb
3.9311919,PZ38_SimRNA_1.pdb,0,/data/output/PZ38_SimRNA_1.pdb
7.3953099,PZ38_SimRNA_2.pdb,0,/data/output/PZ38_SimRNA_2.pdb
3.5821810,PZ38_SimRNA_3.pdb,0,/data/output/PZ38_SimRNA_3.pdb
4.6465216,PZ38_SimRNA_4.pdb,0,/data/output/PZ38_SimRNA_4.pdb
4.8276749,PZ38_SimRNA_5.pdb,0,/data/output/PZ38_SimRNA_5.pdb
8.1534004,PZ38_SoutheRNA_1.pdb,0,/data/output/PZ38_SoutheRNA_1.pdb
4.1529350,PZ38_SoutheRNA_2.pdb,0,/data/output/PZ38_SoutheRNA_2.pdb
8.8240480,PZ38_SoutheRNA_3.pdb,0,/data/output/PZ38_SoutheRNA_3.pdb
6.1343756,PZ38_SoutheRNA_4.pdb,0,/data/output/PZ38_SoutheRNA_4.pdb
6.6667972,PZ38_SoutheRNA_5.pdb,0,/data/output/PZ38_SoutheRNA_5.pdb
2.3745143,PZ38_Szachniuk_1.pdb,0,/data/output/PZ38_Szachniuk_1.pdb
2.4050972,PZ38_Szachniuk_2.pdb,0,/data/output/PZ38_Szachniuk_2.pdb
3.9310894,PZ38_Szachniuk_3.pdb,0,/data/output/PZ38_Szachniuk_3.pdb
4.3936200,PZ38_Szachniuk_4.pdb,0,/data/output/PZ38_Szachniuk_4.pdb
5.6019106,PZ38_Szachniuk_5.pdb,0,/data/output/PZ38_Szachniuk_5.pdb
5.7417278,PZ38_Xiao_1.pdb,0,/data/output/PZ38_Xiao_1.pdb
5.6125388,PZ38_Xiao_2.pdb,0,/data/output/PZ38_Xiao_2.pdb
6.9731517,PZ38_Xiao_3.pdb,0,/data/output/PZ38_Xiao_3.pdb
3.5500383,PZ38_Xiao_4.pdb,0,/data/output/PZ38_Xiao_4.pdb
3.0132923,PZ38_Xiao_5.pdb,0,/data/output/PZ38_Xiao_5.pdb
20.8487034,PZ38_YangServer_1.pdb,0,/data/output/PZ38_YangServer_1.pdb
8.6131411,PZ38_YangServer_2.pdb,0,/data/output/PZ38_YangServer_2.pdb
4.8692098,PZ38_YangServer_3.pdb,0,/data/output/PZ38_YangServer_3.pdb
13.7594976,PZ38_YangServer_4.pdb,0,/data/output/PZ38_YangServer_4.pdb
5.1103349,PZ38_YangServer_5.pdb,0,/data/output/PZ38_YangServer_5.pdb
4.1068306,PZ4_Adamiak_1.pdb,0,/data/output/PZ4_Adamiak_1.pdb
2.9836888,PZ4_Adamiak_2.pdb,0,/data/output/PZ4_Adamiak_2.pdb
3.1965811,PZ4_Adamiak_3.pdb,0,/data/output/PZ4_Adamiak_3.pdb
8.0932570,PZ4_Adamiak_4.pdb,0,/data/output/PZ4_Adamiak_4.pdb
5.0433488,PZ4_Adamiak_5.pdb,0,/data/output/PZ4_Adamiak_5.pdb
2.5997276,PZ4_Bujnicki_1.pdb,0,/data/output/PZ4_Bujnicki_1.pdb
2.5772231,PZ4_Bujnicki_2.pdb,0,/data/output/PZ4_Bujnicki_2.pdb
2.5222101,PZ4_Bujnicki_3.pdb,0,/data/output/PZ4_Bujnicki_3.pdb
2.5904460,PZ4_Bujnicki_4.pdb,0,/data/output/PZ4_Bujnicki_4.pdb
2.4894366,PZ4_Bujnicki_5.pdb,0,/data/output/PZ4_Bujnicki_5.pdb
2.1706645,PZ4_Chen_1.pdb,0,/data/output/PZ4_Chen_1.pdb
2.5133784,PZ4_Chen_10.pdb,0,/data/output/PZ4_Chen_10.pdb
2.1819060,PZ4_Chen_2.pdb,0,/data/output/PZ4_Chen_2.pdb
2.2796204,PZ4_Chen_3.pdb,0,/data/output/PZ4_Chen_3.pdb
2.3793747,PZ4_Chen_4.pdb,0,/data/output/PZ4_Chen_4.pdb
2.3632236,PZ4_Chen_5.pdb,0,/data/output/PZ4_Chen_5.pdb
2.2534590,PZ4_Chen_6.pdb,0,/data/output/PZ4_Chen_6.pdb
2.2072608,PZ4_Chen_7.pdb,0,/data/output/PZ4_Chen_7.pdb
2.4327290,PZ4_Chen_8.pdb,0,/data/output/PZ4_Chen_8.pdb
2.2667830,PZ4_Chen_9.pdb,0,/data/output/PZ4_Chen_9.pdb
1.3284439,PZ4_Das_1.pdb,0,/data/output/PZ4_Das_1.pdb
1.3409756,PZ4_Das_2.pdb,0,/data/output/PZ4_Das_2.pdb
1.3478563,PZ4_Das_3.pdb,0,/data/output/PZ4_Das_3.pdb
1.3500171,PZ4_Das_4.pdb,0,/data/output/PZ4_Das_4.pdb
1.3409731,PZ4_Das_5.pdb,0,/data/output/PZ4_Das_5.pdb
2.7050462,PZ4_Dokholyan_1.pdb,0,/data/output/PZ4_Dokholyan_1.pdb
2.7050486,PZ4_Dokholyan_2.pdb,0,/data/output/PZ4_Dokholyan_2.pdb
1.9382041,PZ4_Major_1.pdb,0,/data/output/PZ4_Major_1.pdb
3.6328692,PZ4_Mikolajczak_1.pdb,0,/data/output/PZ4_Mikolajczak_1.pdb
4.2828302,PZ4_Santalucia_1.pdb,0,/data/output/PZ4_Santalucia_1.pdb
4.0030208,PZ7_Adamiak_1.pdb,0,/data/output/PZ7_Adamiak_1.pdb
3.6629343,PZ7_Adamiak_2.pdb,0,/data/output/PZ7_Adamiak_2.pdb
3.9871173,PZ7_Adamiak_3.pdb,0,/data/output/PZ7_Adamiak_3.pdb
4.0006285,PZ7_Adamiak_4.pdb,0,/data/output/PZ7_Adamiak_4.pdb
3.5583172,PZ7_Adamiak_5.pdb,0,/data/output/PZ7_Adamiak_5.pdb
10.2535706,PZ7_Bujnicki_1.pdb,0,/data/output/PZ7_Bujnicki_1.pdb
11.1857567,PZ7_Bujnicki_2.pdb,0,/data/output/PZ7_Bujnicki_2.pdb
4.8308439,PZ7_Bujnicki_3.pdb,0,/data/output/PZ7_Bujnicki_3.pdb
5.0516624,PZ7_Bujnicki_4.pdb,0,/data/output/PZ7_Bujnicki_4.pdb
5.1200800,PZ7_Bujnicki_5.pdb,0,/data/output/PZ7_Bujnicki_5.pdb
4.7841473,PZ7_Bujnicki_6.pdb,0,/data/output/PZ7_Bujnicki_6.pdb
4.3864923,PZ7_Bujnicki_7.pdb,0,/data/output/PZ7_Bujnicki_7.pdb
4.6043038,PZ7_Chen_1.pdb,0,/data/output/PZ7_Chen_1.pdb
5.2335753,PZ7_Chen_10.pdb,0,/data/output/PZ7_Chen_10.pdb
4.3786530,PZ7_Chen_2.pdb,0,/data/output/PZ7_Chen_2.pdb
4.8042755,PZ7_Chen_3.pdb,0,/data/output/PZ7_Chen_3.pdb
3.9881155,PZ7_Chen_4.pdb,0,/data/output/PZ7_Chen_4.pdb
4.8383965,PZ7_Chen_5.pdb,0,/data/output/PZ7_Chen_5.pdb
4.5518799,PZ7_Chen_6.pdb,0,/data/output/PZ7_Chen_6.pdb
4.2338123,PZ7_Chen_7.pdb,0,/data/output/PZ7_Chen_7.pdb
4.9991522,PZ7_Chen_8.pdb,0,/data/output/PZ7_Chen_8.pdb
5.4237165,PZ7_Chen_9.pdb,0,/data/output/PZ7_Chen_9.pdb
3.8216174,PZ7_Das_1.pdb,0,/data/output/PZ7_Das_1.pdb
2.6188316,PZ7_Das_2.pdb,0,/data/output/PZ7_Das_2.pdb
2.3141253,PZ7_Das_3.pdb,0,/data/output/PZ7_Das_3.pdb
3.3082826,PZ7_Das_4.pdb,0,/data/output/PZ7_Das_4.pdb
4.0878096,PZ7_Das_5.pdb,0,/data/output/PZ7_Das_5.pdb
2.8251951,PZ7_Das_6.pdb,0,/data/output/PZ7_Das_6.pdb
3.1458156,PZ7_Das_7.pdb,0,/data/output/PZ7_Das_7.pdb
3.7681024,PZ7_Das_8.pdb,0,/data/output/PZ7_Das_8.pdb
10.9674234,PZ7_Ding_1.pdb,0,/data/output/PZ7_Ding_1.pdb
8.8853979,PZ7_Ding_10.pdb,0,/data/output/PZ7_Ding_10.pdb
6.4619865,PZ7_Ding_2.pdb,0,/data/output/PZ7_Ding_2.pdb
9.4426050,PZ7_Ding_3.pdb,0,/data/output/PZ7_Ding_3.pdb
10.1497231,PZ7_Ding_4.pdb,0,/data/output/PZ7_Ding_4.pdb
8.8931675,PZ7_Ding_5.pdb,0,/data/output/PZ7_Ding_5.pdb
6.8004932,PZ7_Ding_6.pdb,0,/data/output/PZ7_Ding_6.pdb
8.6067171,PZ7_Ding_7.pdb,0,/data/output/PZ7_Ding_7.pdb
10.2831602,PZ7_Ding_8.pdb,0,/data/output/PZ7_Ding_8.pdb
9.0694418,PZ7_Ding_9.pdb,0,/data/output/PZ7_Ding_9.pdb
12.5151443,PZ7_Dokholyan_1.pdb,0,/data/output/PZ7_Dokholyan_1.pdb
7.4106965,PZ7_Dokholyan_2.pdb,0,/data/output/PZ7_Dokholyan_2.pdb
3.9903252,PZ7_Major_1.pdb,0,/data/output/PZ7_Major_1.pdb
4.4585037,PZ7_Major_10.pdb,0,/data/output/PZ7_Major_10.pdb
3.8490250,PZ7_Major_2.pdb,0,/data/output/PZ7_Major_2.pdb
3.7679751,PZ7_Major_3.pdb,0,/data/output/PZ7_Major_3.pdb
4.2707648,PZ7_Major_4.pdb,0,/data/output/PZ7_Major_4.pdb
3.7877650,PZ7_Major_5.pdb,0,/data/output/PZ7_Major_5.pdb
3.8061585,PZ7_Major_6.pdb,0,/data/output/PZ7_Major_6.pdb
3.7735796,PZ7_Major_7.pdb,0,/data/output/PZ7_Major_7.pdb
4.2736864,PZ7_Major_8.pdb,0,/data/output/PZ7_Major_8.pdb
4.3441486,PZ7_Major_9.pdb,0,/data/output/PZ7_Major_9.pdb
3.5359483,PZ8_Adamiak_1.pdb,0,/data/output/PZ8_Adamiak_1.pdb
4.6615252,PZ8_Adamiak_2.pdb,0,/data/output/PZ8_Adamiak_2.pdb
3.3491189,PZ8_Bujnicki_1.pdb,0,/data/output/PZ8_Bujnicki_1.pdb
4.0016689,PZ8_Bujnicki_10.pdb,0,/data/output/PZ8_Bujnicki_10.pdb
4.2427254,PZ8_Bujnicki_2.pdb,0,/data/output/PZ8_Bujnicki_2.pdb
3.2837524,PZ8_Bujnicki_3.pdb,0,/data/output/PZ8_Bujnicki_3.pdb
3.6814518,PZ8_Bujnicki_4.pdb,0,/data/output/PZ8_Bujnicki_4.pdb
3.7144458,PZ8_Bujnicki_5.pdb,0,/data/output/PZ8_Bujnicki_5.pdb
2.7907629,PZ8_Bujnicki_6.pdb,0,/data/output/PZ8_Bujnicki_6.pdb
3.3372269,PZ8_Bujnicki_7.pdb,0,/data/output/PZ8_Bujnicki_7.pdb
3.3541815,PZ8_Bujnicki_8.pdb,0,/data/output/PZ8_Bujnicki_8.pdb
3.4591742,PZ8_Bujnicki_9.pdb,0,/data/output/PZ8_Bujnicki_9.pdb
3.7391946,PZ8_Chen_1.pdb,0,/data/output/PZ8_Chen_1.pdb
2.6651137,PZ8_Chen_10.pdb,0,/data/output/PZ8_Chen_10.pdb
3.2888656,PZ8_Chen_2.pdb,0,/data/output/PZ8_Chen_2.pdb
3.4070477,PZ8_Chen_3.pdb,0,/data/output/PZ8_Chen_3.pdb
3.2794693,PZ8_Chen_4.pdb,0,/data/output/PZ8_Chen_4.pdb
2.9633937,PZ8_Chen_5.pdb,0,/data/output/PZ8_Chen_5.pdb
3.1435087,PZ8_Chen_6.pdb,0,/data/output/PZ8_Chen_6.pdb
3.9192762,PZ8_Chen_7.pdb,0,/data/output/PZ8_Chen_7.pdb
3.7786765,PZ8_Chen_8.pdb,0,/data/output/PZ8_Chen_8.pdb
2.8978255,PZ8_Chen_9.pdb,0,/data/output/PZ8_Chen_9.pdb
1.7890599,PZ8_Das_1.pdb,0,/data/output/PZ8_Das_1.pdb
2.0607364,PZ8_Das_2.pdb,0,/data/output/PZ8_Das_2.pdb
2.1363046,PZ8_Das_3.pdb,0,/data/output/PZ8_Das_3.pdb
1.9295850,PZ8_Das_4.pdb,0,/data/output/PZ8_Das_4.pdb
2.6744020,PZ8_Das_5.pdb,0,/data/output/PZ8_Das_5.pdb
2.3175986,PZ8_Das_6.pdb,0,/data/output/PZ8_Das_6.pdb
3.4695430,PZ8_Ding_1.pdb,0,/data/output/PZ8_Ding_1.pdb
7.2347269,PZ8_Ding_10.pdb,0,/data/output/PZ8_Ding_10.pdb
7.7544732,PZ8_Ding_2.pdb,0,/data/output/PZ8_Ding_2.pdb
6.9842730,PZ8_Ding_3.pdb,0,/data/output/PZ8_Ding_3.pdb
8.5833817,PZ8_Ding_4.pdb,0,/data/output/PZ8_Ding_4.pdb
5.4438524,PZ8_Ding_5.pdb,0,/data/output/PZ8_Ding_5.pdb
6.5643945,PZ8_Ding_6.pdb,0,/data/output/PZ8_Ding_6.pdb
7.7290444,PZ8_Ding_7.pdb,0,/data/output/PZ8_Ding_7.pdb
6.3426719,PZ8_Ding_8.pdb,0,/data/output/PZ8_Ding_8.pdb
4.8572402,PZ8_Ding_9.pdb,0,/data/output/PZ8_Ding_9.pdb
9.8061371,PZ8_Dokholyan_1.pdb,0,/data/output/PZ8_Dokholyan_1.pdb
7.3474250,PZ8_Dokholyan_2.pdb,0,/data/output/PZ8_Dokholyan_2.pdb
8.6362953,PZ8_Dokholyan_3.pdb,0,/data/output/PZ8_Dokholyan_3.pdb
12.3107815,PZ8_Dokholyan_4.pdb,0,/data/output/PZ8_Dokholyan_4.pdb
2.1505368,PZ9_Bujnicki_3.pdb,0,/data/output/PZ9_Bujnicki_3.pdb
2.1505387,PZ9_Bujnicki_4.pdb,0,/data/output/PZ9_Bujnicki_4.pdb
2.1505394,PZ9_Bujnicki_5.pdb,0,/data/output/PZ9_Bujnicki_5.pdb
1.7620299,PZ9_Chen_1.pdb,0,/data/output/PZ9_Chen_1.pdb
2.0003920,PZ9_Chen_2.pdb,0,/data/output/PZ9_Chen_2.pdb
2.0600715,PZ9_Chen_3.pdb,0,/data/output/PZ9_Chen_3.pdb
1.8571651,PZ9_Chen_4.pdb,0,/data/output/PZ9_Chen_4.pdb
2.1174426,PZ9_Chen_5.pdb,0,/data/output/PZ9_Chen_5.pdb
2.0005157,PZ9_Chen_6.pdb,0,/data/output/PZ9_Chen_6.pdb
2.3898082,PZ9_Chen_7.pdb,0,/data/output/PZ9_Chen_7.pdb
2.3294051,PZ9_Chen_8.pdb,0,/data/output/PZ9_Chen_8.pdb
2.7888951,PZ9_Das_1.pdb,0,/data/output/PZ9_Das_1.pdb
3.3061721,PZ9_Das_2.pdb,0,/data/output/PZ9_Das_2.pdb
2.7780998,PZ9_Das_3.pdb,0,/data/output/PZ9_Das_3.pdb
2.3860250,PZ9_Das_4.pdb,0,/data/output/PZ9_Das_4.pdb
2.1001935,PZ9_Das_5.pdb,0,/data/output/PZ9_Das_5.pdb
2.3653777,PZ9_Das_6.pdb,0,/data/output/PZ9_Das_6.pdb
2.8314543,PZ9_Das_7.pdb,0,/data/output/PZ9_Das_7.pdb
4.0908747,PZ9_Das_8.pdb,0,/data/output/PZ9_Das_8.pdb
2.6970739,PZ9_Das_9.pdb,0,/data/output/PZ9_Das_9.pdb
2.6204295,PZ9_Ding_1.pdb,0,/data/output/PZ9_Ding_1.pdb
3.7310839,PZ9_Ding_10.pdb,0,/data/output/PZ9_Ding_10.pdb
3.1279969,PZ9_Ding_2.pdb,0,/data/output/PZ9_Ding_2.pdb
3.4858077,PZ9_Ding_3.pdb,0,/data/output/PZ9_Ding_3.pdb
3.3835273,PZ9_Ding_4.pdb,0,/data/output/PZ9_Ding_4.pdb
3.4935522,PZ9_Ding_5.pdb,0,/data/output/PZ9_Ding_5.pdb
3.8321433,PZ9_Ding_6.pdb,0,/data/output/PZ9_Ding_6.pdb
5.9965310,PZ9_Ding_7.pdb,0,/data/output/PZ9_Ding_7.pdb
3.4217882,PZ9_Ding_8.pdb,0,/data/output/PZ9_Ding_8.pdb
2.4310269,PZ9_Ding_9.pdb,0,/data/output/PZ9_Ding_9.pdb
6.3072891,PZ9_Dokholyan_1.pdb,0,/data/output/PZ9_Dokholyan_1.pdb
10.8180618,PZ9_Dokholyan_2.pdb,0,/data/output/PZ9_Dokholyan_2.pdb
6.9361329,PZ9_Dokholyan_3.pdb,0,/data/output/PZ9_Dokholyan_3.pdb
9.0443964,PZ9_Dokholyan_4.pdb,0,/data/output/PZ9_Dokholyan_4.pdb
